family,q,xi,n_instances,best_energy_mean,best_energy_across_seed_std,energy_gap_to_seed_best_mean,energy_gap_to_seed_best_std,O_mean,O_across_seed_std,flip_fraction_mean,flip_fraction_across_seed_std,runtime_s_mean,mean_update_opportunities,spectral_rho_D1_beta_max,spectral_radius_J
er,0.0625,0.0,5,-78.78569030761719,0.9740726814453662,2.429803466796875,0.32236245045479756,0.00020680421730498002,1.3929923175607924e-05,0.006507500074803781,0.00028919186523600286,1.697674180008471,24000.0,1.1442936197318183,6.289950965614141
er,0.0625,0.1,5,-79.18372192382813,1.03875901191104,2.0317718505859377,0.30631151562826625,0.00016063284710975999,1.0143657116096072e-05,0.005362499970942699,0.00016504414957344883,1.677824280015193,24000.0,1.1505436197318168,6.289950965614141
er,0.0625,0.2,5,-79.41577758789063,0.8298787146649428,1.7997161865234375,0.2571556573426779,0.00012150069815102,1.1182512151482613e-05,0.00460833339020604,0.0002394474513009312,1.6387185799889266,24000.0,1.1567936197318165,6.289950965614141
er,0.0625,0.3,5,-79.60173645019532,0.8313569550526012,1.61375732421875,0.46016215447387426,9.846357133935226e-05,5.827151031423798e-06,0.00372083331458268,0.00015218323652289262,1.7168378599919378,24000.0,1.163043619731818,6.289950965614141
er,0.0625,0.4,5,-79.46943664550781,0.8007642577348526,1.74605712890625,0.7033990470055725,7.525983091909439e-05,8.39632413157901e-06,0.00321666668169196,0.00015161167859778214,1.6850786000024527,24000.0,1.1692936197318204,6.289950965614141
er,0.0625,0.6,5,-79.50919189453126,0.9267009591895963,1.7063018798828125,0.42256228781952887,4.3698113586287946e-05,5.3297247513845645e-06,0.00207583333831278,0.00018753239491827803,1.6690989999799057,24000.0,1.181793619731816,6.289950965614141
er,0.0625,0.8,5,-79.0762710571289,0.9138347714613088,2.1392227172851563,0.5426860501922142,2.4478558407281527e-05,6.029931812766673e-06,0.00147416668478392,4.054748461001837e-05,1.6709473399911077,24000.0,1.1942936197318168,6.289950965614141
er,0.125,0.0,5,-79.59049987792969,0.9741276779047897,1.624993896484375,0.28385402299574036,0.0008378378232009201,4.83514135621564e-05,0.01313083320856088,0.00033637390556223804,1.7049727999605238,48000.0,1.2885872394636284,6.289950965614141
er,0.125,0.1,5,-80.066943359375,0.8817786158798183,1.1485504150390624,0.22146328051350775,0.00065365824848408,3.0427946654596748e-05,0.01087750010192388,0.0003912299001962087,1.6997313200030475,48000.0,1.3010872394636297,6.289950965614141
er,0.125,0.2,5,-80.2784652709961,0.9672280741821615,0.9370285034179687,0.33707659744257146,0.00050870178965846,1.142063122722648e-05,0.009060000069439359,0.0003230253388528707,1.7006661999737844,48000.0,1.3135872394636323,6.289950965614141
er,0.125,0.3,5,-80.39882965087891,1.0210247522159277,0.8166641235351563,0.3450622597138825,0.00039080409333104,3.305957306325604e-05,0.00727249998599286,0.00045018889853681675,1.689587439992465,48000.0,1.3260872394636358,6.289950965614141
er,0.125,0.4,5,-80.36224060058593,0.938222741779491,0.853253173828125,0.27841532514915013,0.00029775854200118,1.1076305491769727e-05,0.00625666668638584,0.00022334665461436787,1.7488152799895034,48000.0,1.3385872394636331,6.289950965614141
er,0.125,0.6,5,-80.42384796142578,0.9380465571535245,0.7916458129882813,0.5093630744039579,0.00017986553430088,8.28541109200824e-06,0.00414916658774014,0.00029757989608670556,1.7225848600268363,48000.0,1.3635872394636344,6.289950965614141
er,0.125,0.8,5,-79.93649749755859,1.0864417879205956,1.2789962768554688,0.5068821252512129,9.82449768343742e-05,4.593621791928124e-06,0.00288083329796788,0.00023313985987868257,1.7050714399898426,48000.0,1.3885872394636314,6.289950965614141
er,0.25,0.0,5,-79.9069107055664,0.9266213079454476,1.3085830688476563,0.41524873446246385,0.00370435453951354,0.00015497385268917487,0.02778666689991944,0.0007340986931092789,1.7319067400181667,96000.0,2.3949754828070686,6.289950965614141
er,0.25,0.1,5,-80.47780303955078,0.7139023981693082,0.7376907348632813,0.2880018199641191,0.00285981395281844,0.00018739479855282466,0.02283666618168352,0.00123595724335024,1.730093519971706,96000.0,2.3699754828070687,6.289950965614141
er,0.25,0.2,5,-80.64786834716797,0.778645704101465,0.5676254272460938,0.11907568580077824,0.00223557981662448,8.336085395703017e-05,0.01889916658401484,0.000520035428240869,1.7295692399842664,96000.0,2.344975482807068,6.289950965614141
er,0.25,0.3,5,-80.77589263916016,0.7245784007762952,0.43960113525390626,0.28717187804070926,0.0016596622532232999,0.00011016985093723282,0.015412500314414459,0.0008721734332379457,1.79520146001596,96000.0,2.3199754828070684,6.289950965614141
er,0.25,0.4,5,-80.87032012939453,0.816738910407151,0.34517364501953124,0.15044497757515132,0.0012840979499742,6.727161468540223e-05,0.012650000303983638,0.0005771397722701765,1.831512019992806,96000.0,2.294975482807068,6.289950965614141
er,0.25,0.6,5,-80.79029693603516,1.0058724321431036,0.42519683837890626,0.35694141058118345,0.00072349557885896,2.8495112402039557e-05,0.0084833333268761,0.00026781987601166493,1.7665664799744263,96000.0,2.244975482807068,6.289950965614141
er,0.25,0.8,5,-80.45161895751953,0.9361420003019837,0.7638748168945313,0.3273157914305441,0.00040505169890817994,1.8182021788875042e-05,0.00568333333358162,0.0002895608186733442,1.7172872200142593,96000.0,2.194975482807068,6.289950965614141
er,0.5,0.0,5,-40.68937759399414,0.680287263358278,40.52611618041992,0.9101216285775682,0.156438872218132,0.0008304553134391245,0.3228650033473969,0.0012126019751788925,1.7907602000050247,192000.0,5.789950965614137,6.289950965614141
er,0.5,0.1,5,-45.642723083496094,1.6236944125272184,35.57277069091797,1.621380401827623,0.15511121749877926,0.0009666350133073383,0.32068666815757746,0.001715117367595989,1.8442068399861455,192000.0,5.739950965614135,6.289950965614141
er,0.5,0.2,5,-53.434400177001955,2.82086926826487,27.78109359741211,2.595961585639251,0.15343280732631678,0.001077796388518391,0.31843249797821044,0.0016797452683594081,1.8251472400035709,192000.0,5.6899509656141385,6.289950965614141
er,0.5,0.3,5,-65.8398536682129,2.83168218085576,15.37564010620117,2.5881137611075253,0.1436429291963577,0.0066382288372640146,0.30023832917213433,0.013241733805513307,1.8117213999852537,192000.0,5.639950965614139,6.289950965614141
er,0.5,0.4,5,-79.41634063720703,2.3380789670614956,1.7991531372070313,1.7851549954375396,0.03966590780764816,0.02906980254135463,0.09486166611313815,0.05802534243610308,1.7793830000329762,192000.0,5.589950965614134,6.289950965614141
er,0.5,0.6,5,-81.15336151123047,0.7778241454107553,0.06213226318359375,0.06957846740062947,0.0032750749960541005,0.0001397346018727499,0.01813333295285696,0.0008082687121939819,1.7812124599935486,192000.0,5.48995096561414,6.289950965614141
er,0.5,0.8,5,-80.9509994506836,0.7195163874606844,0.26449432373046877,0.20337176839291696,0.00174172003753476,7.559107414391741e-05,0.0119141666218638,0.0005323769952823893,1.729675820004195,192000.0,5.38995096561414,6.289950965614141
er,0.75,0.0,5,-21.880907821655274,0.6490868062559518,59.334585952758786,1.0949638851003942,0.4500489056110382,0.00012318423345637937,0.6003558397293091,0.00044025637797969304,1.8794511000160128,288000.0,9.184926448421217,6.289950965614141
er,0.75,0.1,5,-23.730897903442383,0.36652275984609134,57.48459587097168,0.9959253436264313,0.45003268122673035,0.00011651731815137141,0.6003308296203613,0.0004342095402312915,1.8976450399961322,288000.0,9.109926448421211,6.289950965614141
er,0.75,0.2,5,-25.8634334564209,0.7834505498212738,55.352060317993164,0.870254906279134,0.4500041246414185,0.00011221347787882118,0.6003150105476379,0.000453949903191814,1.8530515599995852,288000.0,9.03492644842122,6.289950965614141
er,0.75,0.3,5,-29.254536819458007,0.46738185507785285,51.96095695495605,0.9955549025946566,0.44996575117111204,0.00011073026192975231,0.6002891659736633,0.0004505426802560435,1.8683685000054537,288000.0,8.959926448421207,6.289950965614141
er,0.75,0.4,5,-33.076978302001955,0.5610348760951301,48.13851547241211,0.8638672913856474,0.4499332427978516,9.594159957906147e-05,0.6002441644668579,0.0004625940308222581,1.8394475999753923,288000.0,8.884926448421213,6.289950965614141
er,0.75,0.6,5,-44.4816650390625,0.8413629629730996,36.733828735351565,0.8760771267093549,0.4498580813407898,8.337896937263183e-05,0.6001924991607666,0.0004602360139104253,1.8881049599964173,288000.0,8.73492644842121,6.289950965614141
er,0.75,0.8,5,-71.25687103271484,5.035538576066836,9.95862274169922,5.246778762706011,0.29513263106346127,0.05622987173800016,0.3982758402824402,0.07346997754399733,1.8399535200092942,288000.0,8.584926448421212,6.289950965614141
er,1.0,0.0,5,-8.597499752044678,1.3279134298824748,72.61799402236939,1.222517749910306,0.9999999403953552,0.0,1.0,0.0,1.0673076200066134,384000.0,12.579901931228278,6.289950965614141
er,1.0,0.1,5,-12.09559440612793,0.6537542694710097,69.11989936828613,1.1441118224668645,0.9999999403953552,0.0,1.0,0.0,1.0377788400277494,384000.0,12.479901931228278,6.289950965614141
er,1.0,0.2,5,-15.2533540725708,0.6330309229841409,65.96213970184326,1.1284844438682515,0.9999999403953552,0.0,1.0,0.0,1.0612206799909472,384000.0,12.379901931228272,6.289950965614141
er,1.0,0.3,5,-19.92100601196289,0.7784437178387968,61.29448776245117,0.5812812241213309,0.9999996900558472,5.597761574809174e-07,1.0,0.0,1.0462178599787877,384000.0,12.279901931228272,6.289950965614141
er,1.0,0.4,5,-22.38653450012207,0.6164129143957067,58.82895927429199,1.1090760487237514,0.9999996900558472,5.597761574809174e-07,1.0,0.0,1.0156305000418797,384000.0,12.179901931228269,6.289950965614141
er,1.0,0.6,5,-29.874681091308595,0.7371820721443266,51.34081268310547,1.1890063054790245,0.9999996900558472,5.597761574809174e-07,1.0,0.0,1.0510558800306171,384000.0,11.979901931228278,6.289950965614141
er,1.0,0.8,5,-39.978736114501956,0.8713432855735023,41.23675765991211,1.276497119535488,0.9999999403953552,0.0,1.0,0.0,1.0579394400352613,384000.0,11.779901931228277,6.289950965614141
sk,0.0625,0.0,5,-91.29182586669921,1.5694584498742705,1.955903625488284,0.3104294770377088,0.00016396309656552,9.111653148452552e-06,0.00525249997153876,0.0001697782342354146,1.871609679982066,24000.0,1.1800070890675989,1.970346494447302
sk,0.0625,0.1,5,-91.72218017578125,1.9050067312890617,1.52554931640625,0.2061215301460187,0.00013365815975697998,4.701472239407364e-06,0.00430166665464634,0.00030807423898706227,1.888298220001161,24000.0,1.1862570890676019,1.970346494447302
sk,0.0625,0.2,5,-91.75993194580079,1.8725718234118918,1.4877975463867243,0.22994245711874423,0.00010462416830700107,5.882322774356831e-06,0.0036258333362638603,0.0002344911401606709,1.962149259983562,24000.0,1.1925070890676017,1.970346494447302
sk,0.0625,0.3,5,-91.74895477294922,1.5343811280341537,1.4987747192382812,0.46284962564465626,8.167909982148558e-05,5.9153913566643395e-06,0.0030266666319220597,0.0001838203755215903,1.9062812600284815,24000.0,1.1987570890675978,1.970346494447302
sk,0.0625,0.4,5,-91.55144653320312,1.4341299614155547,1.6962829589843778,0.4373567813684044,6.332262637442909e-05,3.23702408917793e-06,0.0026291667018085397,0.00014206437840476126,1.9010755200171843,24000.0,1.2050070890675997,1.970346494447302
sk,0.0625,0.6,5,-91.31676940917968,1.4423639413180087,1.9309600830078153,0.4853234565491254,3.611680658650584e-05,6.576457602082934e-06,0.0017366666812449398,0.00010862940962858923,1.8835803400026634,24000.0,1.2175070890676036,1.970346494447302
sk,0.0625,0.8,5,-90.66245574951172,1.5122423694013283,2.585273742675784,0.6921156729303267,1.9915819393645506e-05,4.272796589260411e-06,0.00123416667338456,0.000116867391985617,1.8839641199912875,24000.0,1.2300070890676023,1.970346494447302
sk,0.125,0.0,5,-92.16758270263672,1.869124619749947,1.0801467895507897,0.1706050078011047,0.00067450369242572,3.917411820682118e-05,0.010439999960362881,0.00051824026698763,1.8359723199857398,48000.0,1.3600141781352053,1.970346494447302
sk,0.125,0.1,5,-92.38601989746094,1.756130074688733,0.8617095947265596,0.1594387759587962,0.0005207367241382001,2.028723601727543e-05,0.00856250002980228,0.0003156646700602849,1.9377101599704474,48000.0,1.3725141781352046,1.970346494447302
sk,0.125,0.2,5,-92.53030853271484,1.9475265693668915,0.7174209594726648,0.1618419090642396,0.00040381852304558,2.2165041560749273e-05,0.0072375000454485,0.0003432381302500834,1.8700512799900024,48000.0,1.3850141781352014,1.970346494447302
sk,0.125,0.3,5,-92.3044204711914,1.695040277988903,0.9433090209960995,0.19614167802305407,0.00031735951197328,1.838090336657912e-05,0.0060683332383632,0.0004120009399678212,1.9164588999934495,48000.0,1.3975141781352027,1.970346494447302
sk,0.125,0.4,5,-92.45624389648438,1.7727433969089936,0.7914855957031222,0.22917105556975614,0.00024588240776203996,7.248661183180961e-06,0.00508583337068552,0.0002419646463829412,1.9339634400093928,48000.0,1.4100141781352025,1.970346494447302
sk,0.125,0.6,5,-92.32725219726562,1.8074467086199562,0.9204772949218807,0.3682347697200607,0.00014468426234081998,5.933510109815102e-06,0.00349750001914794,0.00017484119781727535,1.8832421199651435,48000.0,1.4350141781352042,1.970346494447302
sk,0.125,0.8,5,-91.748388671875,1.4978089588785195,1.499340820312503,0.4369129066066688,8.042420377023518e-05,5.9712122569971036e-06,0.00228333333507174,8.462543684706736e-05,1.8310779800172896,48000.0,1.4600141781352032,1.970346494447302
sk,0.25,0.0,5,-92.7003387451172,1.9877811004166177,0.5473907470703153,0.19186358079395413,0.00281394654884932,0.00018761560725026233,0.021381666511297182,0.0009754032619437514,1.9796506599988788,96000.0,1.7200283562704073,1.970346494447302
sk,0.25,0.1,5,-92.94811248779297,1.9444509786576072,0.2996170043945369,0.20854485285585397,0.00220077862031754,0.00010942338501120912,0.01777999997138972,0.0008199257001087725,1.8816108200000599,96000.0,1.7450283562704008,1.970346494447302
sk,0.25,0.2,5,-92.91195678710938,1.7438658230439372,0.3357727050781307,0.08995617752728116,0.00174483286682512,8.579749213439935e-05,0.015056666731834381,0.0007371030704393954,1.8796659599756822,96000.0,1.7700283562704022,1.970346494447302
sk,0.25,0.3,5,-92.8810028076172,1.758170499021331,0.3667266845703182,0.11404309025970565,0.00134841841645532,7.249732260084946e-05,0.012555833347141698,0.000493381509666817,1.826571820024401,96000.0,1.7950283562704055,1.970346494447302
sk,0.25,0.4,5,-92.93659210205078,1.7402264770823355,0.3111373901367216,0.15641362636039238,0.0010096402373164601,3.923052570103378e-05,0.01015999987721438,0.0002556075053310562,1.875780039955862,96000.0,1.8200283562704036,1.970346494447302
sk,0.25,0.6,5,-92.8026336669922,1.6554586409102716,0.4450958251953153,0.2566464171362052,0.0005788721726275601,2.730233433937257e-05,0.00697416663169856,0.0002189265183348333,1.9511939999647439,96000.0,1.8700283562704036,1.970346494447302
sk,0.25,0.8,5,-92.5682861328125,1.776779840095646,0.6794433593750029,0.12451759329195201,0.0003274129936471,1.5545930851124555e-05,0.00470500001683826,0.00013418988212456203,1.8925732400035487,96000.0,1.920028356270405,1.970346494447302
sk,0.5,0.0,5,-92.79471588134766,1.9296225576332542,0.4530136108398466,0.18327024433604192,0.0129069117829203,0.000928980795998835,0.04652250036597248,0.003056784657824063,2.0397840799530966,192000.0,2.440056712540808,1.970346494447302
sk,0.5,0.1,5,-92.94100189208984,1.8814589532154433,0.30672760009765626,0.10482000998831388,0.010253890231251662,0.0005854284164981828,0.03878333270549768,0.0020511958205682453,1.9560483199777081,192000.0,2.4900567125408033,1.970346494447302
sk,0.5,0.2,5,-93.02764434814453,1.8255975464363075,0.22008514404297158,0.06090422462652001,0.007837372645735679,0.00047680728293262323,0.03185083344578738,0.0015890452222488765,1.973383660032414,192000.0,2.540056712540813,1.970346494447302
sk,0.5,0.3,5,-93.04617919921876,1.7937681371483734,0.20155029296875285,0.1217597712384038,0.00595646928995846,0.000338568612177603,0.02620249986648556,0.0015717273892602768,1.9999158799881116,192000.0,2.5900567125408074,1.970346494447302
sk,0.5,0.4,5,-93.14774322509766,1.8335627459444501,0.09998626708984659,0.12195997647084886,0.00450879279524082,0.0001554731921101041,0.021375833079218802,0.0007489426842804323,1.8789904600009322,192000.0,2.6400567125408108,1.970346494447302
sk,0.5,0.6,5,-93.03004455566406,1.923861355376557,0.2176849365234375,0.24488785224495274,0.00251863845624024,0.0001635716865580819,0.01439416669309134,0.0007065762427320404,1.9849465199979022,192000.0,2.740056712540812,1.970346494447302
sk,0.5,0.8,5,-92.81555480957032,1.6649773056254982,0.43217468261719605,0.2639717427861314,0.0014180293539538202,7.275014948661796e-05,0.0096916666254401,0.0004467668675675746,1.9997755599906668,192000.0,2.840056712540816,1.970346494447302
sk,0.75,0.0,5,-92.63851013183594,1.988949532631836,0.6092193603515682,0.25171153808865143,0.03686528578400604,0.00310250382132572,0.0802408337593078,0.00581951824157979,1.87619745999109,288000.0,3.1600850688112097,1.970346494447302
sk,0.75,0.1,5,-92.93657073974609,1.947161733226359,0.3111587524414091,0.16805713320503549,0.02841061465442176,0.0024795777036000204,0.06591749936342237,0.005202187149350663,1.888882640004158,288000.0,3.235085068811216,1.970346494447302
sk,0.75,0.2,5,-93.06951751708985,1.9426632358750677,0.17821197509765624,0.18015228099813443,0.021229713037610003,0.0017560516847636794,0.05314666703343386,0.004302649200316992,1.8844094400294125,288000.0,3.310085068811214,1.970346494447302
sk,0.75,0.3,5,-93.16367645263671,1.8594587713814617,0.08405303955079262,0.06572074149595179,0.015689074061810897,0.0010522616394687575,0.042350833863019896,0.0024124961992491307,1.8858065000036732,288000.0,3.385085068811221,1.970346494447302
sk,0.75,0.4,5,-93.14547271728516,1.8152205977201534,0.1022567749023466,0.12663835581098493,0.01155479904264208,0.0006201441315064416,0.03414250090718264,0.002180439939150885,1.9002723399782553,288000.0,3.4600850688112184,1.970346494447302
sk,0.75,0.6,5,-93.16423797607422,1.8545476911251058,0.08349151611328694,0.07233405510000987,0.00636497205123298,0.00040540265351236837,0.02260916642844672,0.0013704863422522849,1.9163597600068898,288000.0,3.610085068811217,1.970346494447302
sk,0.75,0.8,5,-93.0899887084961,1.767461044839434,0.1577407836914034,0.14073341171843382,0.0033486028667538796,0.00012069121490059369,0.01498833354562518,0.000719726903873672,1.884328499971889,288000.0,3.7600850688112133,1.970346494447302
sk,1.0,0.0,5,-66.01089096069336,18.146193728094246,27.23683853149414,16.947681329754463,0.5225569874048233,0.24841497261828152,0.5598216652870178,0.2476372636828831,1.279430940025486,384000.0,3.9406929888946136,1.970346494447302
sk,1.0,0.1,5,-92.32041931152344,2.215092187115188,0.9273101806640625,0.4777438875872789,0.13132380247116085,0.04901097719034965,0.16883166432380672,0.05085581578884503,1.271320639993064,384000.0,3.980113425081614,1.970346494447302
sk,1.0,0.2,5,-92.99346466064453,1.9286932484398072,0.25426483154296875,0.15427615392124794,0.06132795512676235,0.009142769662723956,0.0950966656208038,0.01119300213577099,1.2729409599909558,384000.0,4.080113425081619,1.970346494447302
sk,1.0,0.3,5,-93.16552429199218,1.8205283265168095,0.08220520019531534,0.03645589698302866,0.038786197453737195,0.0039843660801598116,0.06794333159923548,0.005355622166812372,1.2151137799955904,384000.0,4.180113425081618,1.970346494447302
sk,1.0,0.4,5,-93.24198303222656,1.8076133802968035,0.005746459960940342,0.006630061053089517,0.02635150551795954,0.0024521321158436377,0.05201666727662082,0.0041474215416869705,1.2418020199984312,384000.0,4.280113425081618,1.970346494447302
sk,1.0,0.6,5,-93.11821594238282,1.8197272183486566,0.12951354980468466,0.20576341567054296,0.012732426449656439,0.0005480973154978655,0.03186583295464508,0.0011706678598731885,1.1481452399864793,384000.0,4.480113425081624,1.970346494447302
sk,1.0,0.8,5,-93.04290313720703,1.7584143280453755,0.20482635498047444,0.12975292886552608,0.00646105948835606,0.00035382751263986006,0.020305000245571102,0.0012415175061357944,1.2004788600141183,384000.0,4.680113425081624,1.970346494447302
