family,n,p,instance_seed,q,xi,best_energy_mean,best_energy_std,O_mean,flip_fraction_mean,runtime_s,mean_update_opportunities,spectral_rho_D1_beta_max,lambda_min,lambda_max,spectral_radius_J
er,128,0.3,10,0.0625,0.0,-78.30267333984375,1.058776617050171,0.00021004004520364106,0.0062291668727993965,1.6618030000245199,24000.0,1.1416356813905129,-6.222520329683567,1.633085451124101,6.222520329683567
er,128,0.3,10,0.0625,0.1,-78.88050079345703,1.2741913795471191,0.00016455295553896576,0.005545833148062229,1.6046732000540942,24000.0,1.147885681390514,-6.222520329683567,1.633085451124101,6.222520329683567
er,128,0.3,10,0.0625,0.2,-78.86737060546875,1.3600877523422241,0.0001257733383681625,0.0048166667111217976,1.5837438999442384,24000.0,1.1541356813905068,-6.222520329683567,1.633085451124101,6.222520329683567
er,128,0.3,10,0.0625,0.3,-78.9067611694336,1.363761067390442,0.00010647037561284378,0.003966666758060455,1.557446900056675,24000.0,1.1603856813905107,-6.222520329683567,1.633085451124101,6.222520329683567
er,128,0.3,10,0.0625,0.4,-79.10375213623047,1.584307074546814,8.66706104716286e-05,0.0032625000458210707,1.564664899953641,24000.0,1.1666356813905125,-6.222520329683567,1.633085451124101,6.222520329683567
er,128,0.3,10,0.0625,0.6,-79.05122375488281,1.2579818964004517,3.762560663744807e-05,0.0020375000312924385,1.5347101000370458,24000.0,1.179135681390503,-6.222520329683567,1.633085451124101,6.222520329683567
er,128,0.3,10,0.0625,0.8,-78.07941436767578,1.607645869255066,2.3282702386495657e-05,0.0015291667077690363,1.5047603000421077,24000.0,1.1916356813905125,-6.222520329683567,1.633085451124101,6.222520329683567
er,128,0.3,10,0.125,0.0,-79.23507690429688,1.223792314529419,0.0008242451003752649,0.013204166665673256,1.5908060999354348,48000.0,1.283271362781014,-6.222520329683567,1.633085451124101,6.222520329683567
er,128,0.3,10,0.125,0.1,-80.02303314208984,1.0919748544692993,0.00066188327036798,0.010895833373069763,1.550094300066121,48000.0,1.2957713627810212,-6.222520329683567,1.633085451124101,6.222520329683567
er,128,0.3,10,0.125,0.2,-80.02302551269531,1.1192736625671387,0.0005110191996209323,0.009445833042263985,1.5639253000263125,48000.0,1.3082713627810278,-6.222520329683567,1.633085451124101,6.222520329683567
er,128,0.3,10,0.125,0.3,-80.48267364501953,0.9645044207572937,0.0003813410585280508,0.006833333522081375,1.5836733999894932,48000.0,1.320771362781024,-6.222520329683567,1.633085451124101,6.222520329683567
er,128,0.3,10,0.125,0.4,-80.28567504882812,1.2017529010772705,0.0002860184176824987,0.006141666788607836,1.557699600001797,48000.0,1.333271362781024,-6.222520329683567,1.633085451124101,6.222520329683567
er,128,0.3,10,0.125,0.6,-79.51087188720703,1.4043828248977661,0.0001833382120821625,0.0038999998942017555,1.5864947000518441,48000.0,1.3582713627810248,-6.222520329683567,1.633085451124101,6.222520329683567
er,128,0.3,10,0.125,0.8,-79.44520568847656,1.3460693359375,9.90344924503006e-05,0.0028041666373610497,1.5585056999698281,48000.0,1.3832713627810256,-6.222520329683567,1.633085451124101,6.222520329683567
er,128,0.3,10,0.25,0.0,-79.66844940185547,1.0073602199554443,0.0035898846108466387,0.027554167434573174,1.5690120999934152,96000.0,2.361260164841781,-6.222520329683567,1.633085451124101,6.222520329683567
er,128,0.3,10,0.25,0.1,-80.28567504882812,0.8978273272514343,0.002846995135769248,0.022941667586565018,1.5760295999934897,96000.0,2.3362601648417787,-6.222520329683567,1.633085451124101,6.222520329683567
er,128,0.3,10,0.25,0.2,-80.43013763427734,0.8311951160430908,0.0022053513675928116,0.018916666507720947,1.5643771999748424,96000.0,2.3112601648417783,-6.222520329683567,1.633085451124101,6.222520329683567
er,128,0.3,10,0.25,0.3,-80.58773040771484,1.150428295135498,0.0015802078414708376,0.014800000004470348,1.5923221000703052,96000.0,2.2862601648417815,-6.222520329683567,1.633085451124101,6.222520329683567
er,128,0.3,10,0.25,0.4,-80.74532318115234,0.8813495635986328,0.0012403192231431603,0.012008333578705788,1.580221499898471,96000.0,2.261260164841779,-6.222520329683567,1.633085451124101,6.222520329683567
er,128,0.3,10,0.25,0.6,-80.28568267822266,0.9354577660560608,0.0007028367253951728,0.00853750016540289,1.5579094999702647,96000.0,2.211260164841782,-6.222520329683567,1.633085451124101,6.222520329683567
er,128,0.3,10,0.25,0.8,-79.8260498046875,1.4170963764190674,0.0004161898687016219,0.005975000094622374,1.583914199960418,96000.0,2.1612601648417793,-6.222520329683567,1.633085451124101,6.222520329683567
er,128,0.3,10,0.5,0.0,-41.67605972290039,5.800711154937744,0.1555052250623703,0.3217333257198334,1.6180658000521362,192000.0,5.722520329683559,-6.222520329683567,1.633085451124101,6.222520329683567
er,128,0.3,10,0.5,0.1,-47.07353210449219,6.6389546394348145,0.15399117767810822,0.3186750113964081,1.6568317000055686,192000.0,5.672520329683566,-6.222520329683567,1.633085451124101,6.222520329683567
er,128,0.3,10,0.5,0.2,-56.17436599731445,6.518152713775635,0.15218320488929749,0.31659168004989624,1.6309784000040963,192000.0,5.622520329683561,-6.222520329683567,1.633085451124101,6.222520329683567
er,128,0.3,10,0.5,0.3,-68.25628662109375,8.768848419189453,0.1340099275112152,0.28201666474342346,1.6471248000161722,192000.0,5.572520329683568,-6.222520329683567,1.633085451124101,6.222520329683567
er,128,0.3,10,0.5,0.4,-79.90484619140625,3.1862564086914062,0.023110713809728622,0.06130416691303253,1.7407798999920487,192000.0,5.522520329683565,-6.222520329683567,1.633085451124101,6.222520329683567
er,128,0.3,10,0.5,0.6,-81.09990692138672,0.7940576672554016,0.0031750102061778307,0.017612500116229057,1.63432469998952,192000.0,5.422520329683565,-6.222520329683567,1.633085451124101,6.222520329683567
er,128,0.3,10,0.5,0.8,-80.56147003173828,1.1610242128372192,0.0016934938030317426,0.012079166248440742,1.5483911000192165,192000.0,5.322520329683565,-6.222520329683567,1.633085451124101,6.222520329683567
er,128,0.3,10,0.75,0.0,-22.844022750854492,2.9142959117889404,0.4500637948513031,0.6003375053405762,1.7142171999439597,288000.0,9.083780494525344,-6.222520329683567,1.633085451124101,6.222520329683567
er,128,0.3,10,0.75,0.1,-23.395591735839844,2.9559555053710938,0.4500301480293274,0.6002916693687439,1.6952048999955878,288000.0,9.008780494525348,-6.222520329683567,1.633085451124101,6.222520329683567
er,128,0.3,10,0.75,0.2,-25.470529556274414,3.26062273979187,0.4500020742416382,0.6003041863441467,1.6371085999999195,288000.0,8.93378049452536,-6.222520329683567,1.633085451124101,6.222520329683567
er,128,0.3,10,0.75,0.3,-29.48908233642578,3.8306918144226074,0.44994258880615234,0.6002458333969116,1.6770284000085667,288000.0,8.858780494525355,-6.222520329683567,1.633085451124101,6.222520329683567
er,128,0.3,10,0.75,0.4,-33.12678909301758,3.671238422393799,0.4498968720436096,0.6001874804496765,1.6730119000421837,288000.0,8.78378049452535,-6.222520329683567,1.633085451124101,6.222520329683567
er,128,0.3,10,0.75,0.6,-44.683406829833984,4.009185314178467,0.44981491565704346,0.6001541614532471,1.6355747000779957,288000.0,8.633780494525352,-6.222520329683567,1.633085451124101,6.222520329683567
er,128,0.3,10,0.75,0.8,-73.54869842529297,8.641120910644531,0.27145081758499146,0.3675958216190338,1.6081843000138178,288000.0,8.483780494525348,-6.222520329683567,1.633085451124101,6.222520329683567
er,128,0.3,10,1.0,0.0,-8.88415241241455,7.028096675872803,0.9999999403953552,1.0,0.961082199937664,384000.0,12.445040659367121,-6.222520329683567,1.633085451124101,6.222520329683567
er,128,0.3,10,1.0,0.1,-12.049090385437012,6.3083977699279785,0.9999999403953552,1.0,0.9185433000093326,384000.0,12.34504065936713,-6.222520329683567,1.633085451124101,6.222520329683567
er,128,0.3,10,1.0,0.2,-15.214028358459473,5.58686637878418,0.9999999403953552,1.0,0.9267358999932185,384000.0,12.245040659367143,-6.222520329683567,1.633085451124101,6.222520329683567
er,128,0.3,10,1.0,0.3,-19.771013259887695,3.181107997894287,0.9999986886978149,1.0,0.9109593998873606,384000.0,12.145040659367126,-6.222520329683567,1.633085451124101,6.222520329683567
er,128,0.3,10,1.0,0.4,-21.754026412963867,2.9979567527770996,0.9999986886978149,1.0,0.9297750999685377,384000.0,12.045040659367128,-6.222520329683567,1.633085451124101,6.222520329683567
er,128,0.3,10,1.0,0.6,-30.592214584350586,4.121311664581299,0.9999986886978149,1.0,0.9265303000574932,384000.0,11.845040659367136,-6.222520329683567,1.633085451124101,6.222520329683567
er,128,0.3,10,1.0,0.8,-40.861846923828125,4.66757345199585,0.9999999403953552,1.0,0.9231069000670686,384000.0,11.645040659367117,-6.222520329683567,1.633085451124101,6.222520329683567
er,128,0.3,11,0.0625,0.0,-78.96905517578125,1.5457807779312134,0.0001907771802507341,0.006270833313465118,1.5377055000280961,24000.0,1.1385910945114417,-6.364342371199861,1.608728756091488,6.364342371199861
er,128,0.3,11,0.0625,0.1,-79.00727081298828,1.7160331010818481,0.0001567824074300006,0.0051750000566244125,1.565038300002925,24000.0,1.1448410945114376,-6.364342371199861,1.608728756091488,6.364342371199861
er,128,0.3,11,0.0625,0.2,-79.46588134765625,1.3958356380462646,0.00010288137127645314,0.004350000061094761,1.530551900039427,24000.0,1.1510910945114377,-6.364342371199861,1.608728756091488,6.364342371199861
er,128,0.3,11,0.0625,0.3,-79.77161407470703,1.5682934522628784,0.00010166424181079492,0.003583333222195506,1.5568820999469608,24000.0,1.1573410945114446,-6.364342371199861,1.608728756091488,6.364342371199861
er,128,0.3,11,0.0625,0.4,-79.3130111694336,2.1962850093841553,6.974617281230167e-05,0.0030958333518356085,1.5425816000206396,24000.0,1.1635910945114454,-6.364342371199861,1.608728756091488,6.364342371199861
er,128,0.3,11,0.0625,0.6,-79.60601043701172,1.4869195222854614,4.4556945795193315e-05,0.0019333333475515246,1.5506545999087393,24000.0,1.176091094511444,-6.364342371199861,1.608728756091488,6.364342371199861
er,128,0.3,11,0.0625,0.8,-78.89262390136719,1.7823660373687744,2.96921771223424e-05,0.0014875000342726707,1.5172929000109434,24000.0,1.1885910945114408,-6.364342371199861,1.608728756091488,6.364342371199861
er,128,0.3,11,0.125,0.0,-79.37670135498047,1.4392263889312744,0.000810902682133019,0.013191666454076767,1.6513798999367282,48000.0,1.2771821890228743,-6.364342371199861,1.608728756091488,6.364342371199861
er,128,0.3,11,0.125,0.1,-80.16651916503906,1.2367966175079346,0.0006267678691074252,0.010470833629369736,1.6974227000027895,48000.0,1.2896821890228714,-6.364342371199861,1.608728756091488,6.364342371199861
er,128,0.3,11,0.125,0.2,-80.44678497314453,1.280252456665039,0.0005037468508817255,0.008816666901111603,1.6284962999634445,48000.0,1.3021821890228706,-6.364342371199861,1.608728756091488,6.364342371199861
er,128,0.3,11,0.125,0.3,-80.4722671508789,0.9731772541999817,0.0003599246556404978,0.00712500000372529,1.6022923999698833,48000.0,1.3146821890228795,-6.364342371199861,1.608728756091488,6.364342371199861
er,128,0.3,11,0.125,0.4,-80.45951843261719,1.3204373121261597,0.000290505908196792,0.006070833187550306,1.6447341999737546,48000.0,1.327182189022873,-6.364342371199861,1.608728756091488,6.364342371199861
er,128,0.3,11,0.125,0.6,-80.82894897460938,1.0620068311691284,0.00017416539776604623,0.003800000064074993,1.5939216000260785,48000.0,1.3521821890228742,-6.364342371199861,1.608728756091488,6.364342371199861
er,128,0.3,11,0.125,0.8,-79.22383880615234,1.8044459819793701,0.00010422070772619918,0.002854166552424431,1.6287777000106871,48000.0,1.3771821890228737,-6.364342371199861,1.608728756091488,6.364342371199861
er,128,0.3,11,0.25,0.0,-80.42129516601562,1.0813896656036377,0.003581254044547677,0.027183333411812782,1.7676900000078604,96000.0,2.432171185599932,-6.364342371199861,1.608728756091488,6.364342371199861
er,128,0.3,11,0.25,0.1,-80.82894897460938,0.9274135828018188,0.002615200122818351,0.02097083255648613,1.8001932998886332,96000.0,2.407171185599931,-6.364342371199861,1.608728756091488,6.364342371199861
er,128,0.3,11,0.25,0.2,-80.48499298095703,1.1483474969863892,0.0021628232207149267,0.018191667273640633,1.8200524999992922,96000.0,2.3821711855999324,-6.364342371199861,1.608728756091488,6.364342371199861
er,128,0.3,11,0.25,0.3,-81.07098388671875,0.9621095657348633,0.0015397550305351615,0.014399999752640724,1.7421120000071824,96000.0,2.3571711855999333,-6.364342371199861,1.608728756091488,6.364342371199861
er,128,0.3,11,0.25,0.4,-80.8799057006836,0.7877601385116577,0.0012228948762640357,0.01223750039935112,2.122354199993424,96000.0,2.33217118559993,-6.364342371199861,1.608728756091488,6.364342371199861
er,128,0.3,11,0.25,0.6,-80.39582824707031,1.0774800777435303,0.0007122084498405457,0.008266666904091835,1.8700683999340981,96000.0,2.2821711855999287,-6.364342371199861,1.608728756091488,6.364342371199861
er,128,0.3,11,0.25,0.8,-80.53594970703125,1.0670377016067505,0.0003759556566365063,0.005258333403617144,1.7307894999394193,96000.0,2.2321711855999338,-6.364342371199861,1.608728756091488,6.364342371199861
er,128,0.3,11,0.5,0.0,-40.10237121582031,5.570250511169434,0.15761017799377441,0.32471251487731934,1.8168678999645635,192000.0,5.864342371199872,-6.364342371199861,1.608728756091488,6.364342371199861
er,128,0.3,11,0.5,0.1,-44.0641975402832,3.758415460586548,0.15652216970920563,0.32327499985694885,1.9851214999798685,192000.0,5.814342371199862,-6.364342371199861,1.608728756091488,6.364342371199861
er,128,0.3,11,0.5,0.2,-51.44007873535156,8.891840934753418,0.15509378910064697,0.3210499882698059,1.8832730000140145,192000.0,5.764342371199864,-6.364342371199861,1.608728756091488,6.364342371199861
er,128,0.3,11,0.5,0.3,-63.236392974853516,6.69923734664917,0.14743442833423615,0.30732083320617676,1.7778005000436679,192000.0,5.714342371199868,-6.364342371199861,1.608728756091488,6.364342371199861
er,128,0.3,11,0.5,0.4,-76.76521301269531,5.493654251098633,0.0814078226685524,0.17744167149066925,1.7280071000568569,192000.0,5.6643423711998615,-6.364342371199861,1.608728756091488,6.364342371199861
er,128,0.3,11,0.5,0.6,-81.03277587890625,0.8010379076004028,0.003099587978795171,0.017124999314546585,1.805980799952522,192000.0,5.564342371199871,-6.364342371199861,1.608728756091488,6.364342371199861
er,128,0.3,11,0.5,0.8,-80.71429443359375,0.8596697449684143,0.0016568886348977685,0.011116666719317436,1.6855567999882624,192000.0,5.4643423711998675,-6.364342371199861,1.608728756091488,6.364342371199861
er,128,0.3,11,0.75,0.0,-21.51616668701172,3.358459949493408,0.4498337209224701,0.6005833148956299,1.829434800078161,288000.0,9.2965135567998,-6.364342371199861,1.608728756091488,6.364342371199861
er,128,0.3,11,0.75,0.1,-23.84740447998047,2.600316286087036,0.4498320519924164,0.600558340549469,1.8562496000668034,288000.0,9.221513556799799,-6.364342371199861,1.608728756091488,6.364342371199861
er,128,0.3,11,0.75,0.2,-25.006654739379883,2.5749168395996094,0.44981110095977783,0.6005666851997375,1.9303257999708876,288000.0,9.14651355679982,-6.364342371199861,1.608728756091488,6.364342371199861
er,128,0.3,11,0.75,0.3,-28.853836059570312,3.7292869091033936,0.44978150725364685,0.6005374789237976,1.9376755999401212,288000.0,9.071513556799793,-6.364342371199861,1.608728756091488,6.364342371199861
er,128,0.3,11,0.75,0.4,-32.242408752441406,3.080204486846924,0.4497804045677185,0.6005250215530396,1.8155755999032408,288000.0,8.996513556799794,-6.364342371199861,1.608728756091488,6.364342371199861
er,128,0.3,11,0.75,0.6,-43.55463790893555,5.118858814239502,0.4497411549091339,0.6004666686058044,1.7845360999926925,288000.0,8.846513556799795,-6.364342371199861,1.608728756091488,6.364342371199861
er,128,0.3,11,0.75,0.8,-62.77778625488281,9.949198722839355,0.38661396503448486,0.5180166959762573,1.76100860000588,288000.0,8.696513556799806,-6.364342371199861,1.608728756091488,6.364342371199861
er,128,0.3,11,1.0,0.0,-8.67525863647461,5.536909103393555,0.9999999403953552,1.0,1.1248732000822201,384000.0,12.72868474239974,-6.364342371199861,1.608728756091488,6.364342371199861
er,128,0.3,11,1.0,0.1,-11.923702239990234,4.697115898132324,0.9999999403953552,1.0,0.9793937000213191,384000.0,12.628684742399729,-6.364342371199861,1.608728756091488,6.364342371199861
er,128,0.3,11,1.0,0.2,-14.34411334991455,3.5503666400909424,0.9999999403953552,1.0,1.0287587998900563,384000.0,12.528684742399715,-6.364342371199861,1.608728756091488,6.364342371199861
er,128,0.3,11,1.0,0.3,-20.395137786865234,2.9167580604553223,0.9999999403953552,1.0,0.9943212999496609,384000.0,12.42868474239972,-6.364342371199861,1.608728756091488,6.364342371199861
er,128,0.3,11,1.0,0.4,-22.981155395507812,3.767901659011841,0.9999999403953552,1.0,1.0148746001068503,384000.0,12.328684742399728,-6.364342371199861,1.608728756091488,6.364342371199861
er,128,0.3,11,1.0,0.6,-28.943008422851562,3.54560923576355,0.9999999403953552,1.0,0.982004199991934,384000.0,12.128684742399722,-6.364342371199861,1.608728756091488,6.364342371199861
er,128,0.3,11,1.0,0.8,-39.783897399902344,4.131758213043213,0.9999999403953552,1.0,0.989246700075455,384000.0,11.928684742399748,-6.364342371199861,1.608728756091488,6.364342371199861
er,128,0.3,12,0.0625,0.0,-77.38371276855469,1.00824773311615,0.0002128389896824956,0.006937500089406967,1.693553699995391,24000.0,1.144694145281376,-6.2798478605873225,1.6575531622510224,6.2798478605873225
er,128,0.3,12,0.0625,0.1,-77.72168731689453,1.1245533227920532,0.00016944840899668634,0.005508333444595337,1.6700029000639915,24000.0,1.1509441452813804,-6.2798478605873225,1.6575531622510224,6.2798478605873225
er,128,0.3,12,0.0625,0.2,-78.38465118408203,1.0797865390777588,0.00013277505058795214,0.004737500101327896,1.6676741999108344,24000.0,1.1571941452813872,-6.2798478605873225,1.6575531622510224,6.2798478605873225
er,128,0.3,12,0.0625,0.3,-78.82661437988281,1.1556793451309204,9.248669812222943e-05,0.0037624998949468136,1.6551421999465674,24000.0,1.1634441452813802,-6.2798478605873225,1.6575531622510224,6.2798478605873225
er,128,0.3,12,0.0625,0.4,-79.1775894165039,1.0948611497879028,7.266796455951408e-05,0.003120833309367299,1.6696914999047294,24000.0,1.1696941452813798,-6.2798478605873225,1.6575531622510224,6.2798478605873225
er,128,0.3,12,0.0625,0.6,-78.46263885498047,1.4330902099609375,4.813399937120266e-05,0.002391666639596224,1.685341199976392,24000.0,1.1821941452813756,-6.2798478605873225,1.6575531622510224,6.2798478605873225
er,128,0.3,12,0.0625,0.8,-78.47563934326172,1.4064282178878784,2.3487313228542916e-05,0.001466666697524488,1.7871056000003591,24000.0,1.194694145281373,-6.2798478605873225,1.6575531622510224,6.2798478605873225
er,128,0.3,12,0.125,0.0,-78.25464630126953,1.079786777496338,0.0009215469472110271,0.013233332894742489,1.7106312999967486,48000.0,1.2893882905627547,-6.2798478605873225,1.6575531622510224,6.2798478605873225
er,128,0.3,12,0.125,0.1,-78.63162994384766,0.6595052480697632,0.000700207136105746,0.01152083370834589,1.6843572000507265,48000.0,1.3018882905627525,-6.2798478605873225,1.6575531622510224,6.2798478605873225
er,128,0.3,12,0.125,0.2,-78.74861907958984,1.0387914180755615,0.0005272876587696373,0.00924583338201046,1.7018646999495104,48000.0,1.3143882905627557,-6.2798478605873225,1.6575531622510224,6.2798478605873225
er,128,0.3,12,0.125,0.3,-78.72261810302734,0.9739795327186584,0.00044734656694345176,0.008024999871850014,1.6631740999873728,48000.0,1.326888290562752,-6.2798478605873225,1.6575531622510224,6.2798478605873225
er,128,0.3,12,0.125,0.4,-78.93061065673828,0.9698060750961304,0.00031081115594133735,0.006641666870564222,1.7045417999615893,48000.0,1.3393882905627543,-6.2798478605873225,1.6575531622510224,6.2798478605873225
er,128,0.3,12,0.125,0.6,-79.3205795288086,1.0637060403823853,0.00019131698354613036,0.0043958332389593124,1.6661260999972,48000.0,1.3643882905627538,-6.2798478605873225,1.6575531622510224,6.2798478605873225
er,128,0.3,12,0.125,0.8,-78.8136215209961,1.3973898887634277,9.168677206616849e-05,0.003220833372324705,1.6358656999655068,48000.0,1.3893882905627521,-6.2798478605873225,1.6575531622510224,6.2798478605873225
er,128,0.3,12,0.25,0.0,-78.38465118408203,0.609713077545166,0.00396378617733717,0.02905416674911976,1.6796760000288486,96000.0,2.389923930293659,-6.2798478605873225,1.6575531622510224,6.2798478605873225
er,128,0.3,12,0.25,0.1,-79.3205795288086,0.751929521560669,0.003098787972703576,0.023937499150633812,1.6642440999858081,96000.0,2.364923930293658,-6.2798478605873225,1.6575531622510224,6.2798478605873225
er,128,0.3,12,0.25,0.2,-79.54156494140625,0.5612242817878723,0.0023792623542249203,0.019641665741801262,1.7937792999437079,96000.0,2.339923930293657,-6.2798478605873225,1.6575531622510224,6.2798478605873225
er,128,0.3,12,0.25,0.3,-79.59356689453125,0.9415150284767151,0.0018135381396859884,0.01655416749417782,1.9993679999606684,96000.0,2.3149239302936575,-6.2798478605873225,1.6575531622510224,6.2798478605873225
er,128,0.3,12,0.25,0.4,-79.65856170654297,0.9021063446998596,0.0013939592754468322,0.013504167087376118,1.837433399981819,96000.0,2.2899239302936585,-6.2798478605873225,1.6575531622510224,6.2798478605873225
er,128,0.3,12,0.25,0.6,-79.60655975341797,0.7932654619216919,0.0007737045525573194,0.008920833468437195,1.8473435000050813,96000.0,2.239923930293658,-6.2798478605873225,1.6575531622510224,6.2798478605873225
er,128,0.3,12,0.25,0.8,-79.2815933227539,0.8547832369804382,0.00040029571391642094,0.005779166705906391,1.6987813001032919,96000.0,2.189923930293653,-6.2798478605873225,1.6575531622510224,6.2798478605873225
er,128,0.3,12,0.5,0.0,-40.20625305175781,4.932404518127441,0.15585413575172424,0.3234291672706604,1.745343199931085,192000.0,5.779847860587314,-6.2798478605873225,1.6575531622510224,6.2798478605873225
er,128,0.3,12,0.5,0.1,-45.561885833740234,4.83245325088501,0.15453755855560303,0.32122498750686646,1.7907269999850541,192000.0,5.729847860587311,-6.2798478605873225,1.6575531622510224,6.2798478605873225
er,128,0.3,12,0.5,0.2,-51.90544891357422,4.177469730377197,0.15289856493473053,0.3187083303928375,1.7812568000517786,192000.0,5.679847860587314,-6.2798478605873225,1.6575531622510224,6.2798478605873225
er,128,0.3,12,0.5,0.3,-64.6055908203125,6.753910064697266,0.15094329416751862,0.31580832600593567,1.7433649000013247,192000.0,5.629847860587319,-6.2798478605873225,1.6575531622510224,6.2798478605873225
er,128,0.3,12,0.5,0.4,-77.18872833251953,5.261926651000977,0.058066122233867645,0.13280832767486572,1.7079875000054017,192000.0,5.579847860587307,-6.2798478605873225,1.6575531622510224,6.2798478605873225
er,128,0.3,12,0.5,0.6,-79.99653625488281,0.6920114159584045,0.0034502376802265644,0.019204165786504745,1.704802899970673,192000.0,5.479847860587315,-6.2798478605873225,1.6575531622510224,6.2798478605873225
er,128,0.3,12,0.5,0.8,-80.1395263671875,0.6234161853790283,0.001832271576859057,0.012595833279192448,1.7030489000026137,192000.0,5.379847860587321,-6.2798478605873225,1.6575531622510224,6.2798478605873225
er,128,0.3,12,0.75,0.0,-21.994497299194336,2.721630096435547,0.45010197162628174,0.6009666919708252,1.9046848999569193,288000.0,9.169771790880988,-6.2798478605873225,1.6575531622510224,6.2798478605873225
er,128,0.3,12,0.75,0.1,-24.24334144592285,2.74062442779541,0.45009759068489075,0.6009374856948853,2.077611199929379,288000.0,9.094771790880982,-6.2798478605873225,1.6575531622510224,6.2798478605873225
er,128,0.3,12,0.75,0.2,-26.167211532592773,2.5023205280303955,0.45006537437438965,0.600933313369751,1.7805334000149742,288000.0,9.019771790880979,-6.2798478605873225,1.6575531622510224,6.2798478605873225
er,128,0.3,12,0.75,0.3,-29.4429874420166,3.660583734512329,0.45002657175064087,0.6009125113487244,1.8693447000114247,288000.0,8.944771790880962,-6.2798478605873225,1.6575531622510224,6.2798478605873225
er,128,0.3,12,0.75,0.4,-33.42071533203125,4.391584396362305,0.4499884247779846,0.6008708477020264,1.891219999990426,288000.0,8.869771790880984,-6.2798478605873225,1.6575531622510224,6.2798478605873225
er,128,0.3,12,0.75,0.6,-44.50896072387695,4.306886672973633,0.44986802339553833,0.6008166670799255,2.026183999958448,288000.0,8.719771790880973,-6.2798478605873225,1.6575531622510224,6.2798478605873225
er,128,0.3,12,0.75,0.8,-76.08380126953125,6.7271647453308105,0.23530185222625732,0.3203291594982147,1.96765929996036,288000.0,8.569771790880976,-6.2798478605873225,1.6575531622510224,6.2798478605873225
er,128,0.3,12,1.0,0.0,-7.981453895568848,8.848986625671387,0.9999999403953552,1.0,1.0504783999640495,384000.0,12.559695721174625,-6.2798478605873225,1.6575531622510224,6.2798478605873225
er,128,0.3,12,1.0,0.1,-12.778125762939453,6.683313369750977,0.9999999403953552,1.0,0.9962688999949023,384000.0,12.459695721174631,-6.2798478605873225,1.6575531622510224,6.2798478605873225
er,128,0.3,12,1.0,0.2,-15.975909233093262,3.4997315406799316,0.9999999403953552,1.0,0.9931954999919981,384000.0,12.359695721174624,-6.2798478605873225,1.6575531622510224,6.2798478605873225
er,128,0.3,12,1.0,0.3,-19.043699264526367,3.8352887630462646,0.9999999403953552,1.0,0.9756920000072569,384000.0,12.259695721174628,-6.2798478605873225,1.6575531622510224,6.2798478605873225
er,128,0.3,12,1.0,0.4,-22.865436553955078,3.269063711166382,0.9999999403953552,1.0,0.9895265999948606,384000.0,12.159695721174625,-6.2798478605873225,1.6575531622510224,6.2798478605873225
er,128,0.3,12,1.0,0.6,-30.469919204711914,4.127377033233643,0.9999999403953552,1.0,0.9882378000766039,384000.0,11.959695721174633,-6.2798478605873225,1.6575531622510224,6.2798478605873225
er,128,0.3,12,1.0,0.8,-40.28424835205078,4.014474391937256,0.9999999403953552,1.0,1.0162670999998227,384000.0,11.759695721174621,-6.2798478605873225,1.6575531622510224,6.2798478605873225
er,128,0.3,13,0.0625,0.0,-79.87632751464844,1.106997013092041,0.00019518924818839878,0.006629166658967733,1.7192538999952376,24000.0,1.1527089386322367,-6.281421298085396,1.7216715090578492,6.281421298085396
er,128,0.3,13,0.0625,0.1,-80.44641876220703,1.0319682359695435,0.00014469688176177442,0.005224999971687794,1.6705663999309763,24000.0,1.1589589386322343,-6.281421298085396,1.7216715090578492,6.281421298085396
er,128,0.3,13,0.0625,0.2,-80.51119995117188,1.12981116771698,0.00012434623204171658,0.004791666753590107,1.665592800010927,24000.0,1.165208938632233,-6.281421298085396,1.7216715090578492,6.281421298085396
er,128,0.3,13,0.0625,0.3,-80.88693237304688,0.7185850143432617,9.33919582166709e-05,0.0036583333276212215,1.6625095000490546,24000.0,1.1714589386322372,-6.281421298085396,1.7216715090578492,6.281421298085396
er,128,0.3,13,0.0625,0.4,-80.87397766113281,0.9330438375473022,6.621779903071001e-05,0.0031416667625308037,1.666757500031963,24000.0,1.1777089386322386,-6.281421298085396,1.7216715090578492,6.281421298085396
er,128,0.3,13,0.0625,0.6,-80.96467590332031,1.0384552478790283,3.879402356687933e-05,0.0019374999683350325,1.6622266999911517,24000.0,1.1902089386322352,-6.281421298085396,1.7216715090578492,6.281421298085396
er,128,0.3,13,0.0625,0.8,-80.39459228515625,1.2628366947174072,1.550654815218877e-05,0.0014708333183079958,1.6573293999535963,24000.0,1.2027089386322358,-6.281421298085396,1.7216715090578492,6.281421298085396
er,128,0.3,13,0.125,0.0,-80.65372467041016,0.7096534967422485,0.0008320845663547516,0.013462499715387821,1.7009930999483913,48000.0,1.305417877264461,-6.281421298085396,1.7216715090578492,6.281421298085396
er,128,0.3,13,0.125,0.1,-80.96467590332031,0.6444425582885742,0.0006530797109007835,0.01074166689068079,1.6848408998921514,48000.0,1.3179178772644622,-6.281421298085396,1.7216715090578492,6.281421298085396
er,128,0.3,13,0.125,0.2,-81.1072006225586,0.7881082892417908,0.0005038253730162978,0.009141666814684868,1.6963709999108687,48000.0,1.3304178772644637,-6.281421298085396,1.7216715090578492,6.281421298085396
er,128,0.3,13,0.125,0.3,-81.469970703125,0.5730182528495789,0.0003822673752438277,0.0072791664861142635,1.6856773999752477,48000.0,1.3429178772644732,-6.281421298085396,1.7216715090578492,6.281421298085396
er,128,0.3,13,0.125,0.4,-81.5477066040039,0.5441699624061584,0.00029323549824766815,0.006212499924004078,1.7576666000531986,48000.0,1.3554178772644672,-6.281421298085396,1.7216715090578492,6.281421298085396
er,128,0.3,13,0.125,0.6,-81.28858184814453,0.91377192735672,0.00016994484758470207,0.0044791665859520435,1.8306984000373632,48000.0,1.3804178772644726,-6.281421298085396,1.7216715090578492,6.281421298085396
er,128,0.3,13,0.125,0.8,-81.14607238769531,1.2698599100112915,9.972910629585385e-05,0.0029458333738148212,1.6831900000106543,48000.0,1.4054178772644583,-6.281421298085396,1.7216715090578492,6.281421298085396
er,128,0.3,13,0.25,0.0,-80.6278076171875,0.6537523865699768,0.0037049727980047464,0.027708332985639572,1.7382515000645071,96000.0,2.3907106490426946,-6.281421298085396,1.7216715090578492,6.281421298085396
er,128,0.3,13,0.25,0.1,-81.12014770507812,0.6611568927764893,0.0029767188243567944,0.023937499150633812,1.7148046999936923,96000.0,2.3657106490426956,-6.281421298085396,1.7216715090578492,6.281421298085396
er,128,0.3,13,0.25,0.2,-81.49588012695312,0.4760490953922272,0.002222847891971469,0.018991665914654732,1.6730977999977767,96000.0,2.340710649042696,-6.281421298085396,1.7216715090578492,6.281421298085396
er,128,0.3,13,0.25,0.3,-81.34040832519531,0.7682626247406006,0.001722069806419313,0.015987500548362732,1.6872514999704435,96000.0,2.3157106490426957,-6.281421298085396,1.7216715090578492,6.281421298085396
er,128,0.3,13,0.25,0.4,-81.92344665527344,0.3293059766292572,0.0012682777596637607,0.01277083344757557,1.70338860002812,96000.0,2.2907106490426967,-6.281421298085396,1.7216715090578492,6.281421298085396
er,128,0.3,13,0.25,0.6,-82.01415252685547,0.31736496090888977,0.0007160945096984506,0.008283332921564579,1.7034269999712706,96000.0,2.240710649042695,-6.281421298085396,1.7216715090578492,6.281421298085396
er,128,0.3,13,0.25,0.8,-81.6772689819336,0.88673335313797,0.00042237210436724126,0.005874999798834324,1.664323200006038,96000.0,2.1907106490426953,-6.281421298085396,1.7216715090578492,6.281421298085396
er,128,0.3,13,0.5,0.0,-40.34629440307617,3.5988545417785645,0.1568499207496643,0.32206666469573975,1.7786414000438526,192000.0,5.781421298085386,-6.281421298085396,1.7216715090578492,6.281421298085396
er,128,0.3,13,0.5,0.1,-47.48528289794922,6.009739875793457,0.15550078451633453,0.31989583373069763,1.7810624999692664,192000.0,5.731421298085386,-6.281421298085396,1.7216715090578492,6.281421298085396
er,128,0.3,13,0.5,0.2,-56.80094909667969,6.212923526763916,0.15362317860126495,0.31744998693466187,1.8120944000547752,192000.0,5.681421298085391,-6.281421298085396,1.7216715090578492,6.281421298085396
er,128,0.3,13,0.5,0.3,-69.4593734741211,7.813205242156982,0.140199214220047,0.2922374904155731,1.8885681999381632,192000.0,5.631421298085394,-6.281421298085396,1.7216715090578492,6.281421298085396
er,128,0.3,13,0.5,0.4,-81.61249542236328,1.4814562797546387,0.024007316678762436,0.06363333016633987,1.7652375000761822,192000.0,5.581421298085387,-6.281421298085396,1.7216715090578492,6.281421298085396
er,128,0.3,13,0.5,0.6,-82.11779022216797,0.20730344951152802,0.003353317966684699,0.018554165959358215,1.9094695000676438,192000.0,5.481421298085394,-6.281421298085396,1.7216715090578492,6.281421298085396
er,128,0.3,13,0.5,0.8,-81.96231079101562,0.6945893168449402,0.0018089673249050975,0.011937499977648258,1.836732600000687,192000.0,5.381421298085394,-6.281421298085396,1.7216715090578492,6.281421298085396
er,128,0.3,13,0.75,0.0,-21.94817543029785,2.7928223609924316,0.4501385986804962,0.5998625159263611,1.9490833000745624,288000.0,9.172131947128115,-6.281421298085396,1.7216715090578492,6.281421298085396
er,128,0.3,13,0.75,0.1,-23.813901901245117,3.4875640869140625,0.45011356472969055,0.5998416543006897,1.8939168999204412,288000.0,9.097131947128084,-6.281421298085396,1.7216715090578492,6.281421298085396
er,128,0.3,13,0.75,0.2,-27.05300521850586,3.248316764831543,0.4500851631164551,0.5998166799545288,1.891736299963668,288000.0,9.022131947128107,-6.281421298085396,1.7216715090578492,6.281421298085396
er,128,0.3,13,0.75,0.3,-28.685514450073242,4.6463541984558105,0.4500467777252197,0.5997833609580994,1.887093700002879,288000.0,8.947131947128096,-6.281421298085396,1.7216715090578492,6.281421298085396
er,128,0.3,13,0.75,0.4,-33.712608337402344,2.851766586303711,0.45000767707824707,0.59972083568573,1.8212848999537528,288000.0,8.872131947128096,-6.281421298085396,1.7216715090578492,6.281421298085396
er,128,0.3,13,0.75,0.6,-45.749122619628906,5.147043704986572,0.44995439052581787,0.5996875166893005,1.9777991999872029,288000.0,8.72213194712809,-6.281421298085396,1.7216715090578492,6.281421298085396
er,128,0.3,13,0.75,0.8,-72.10247802734375,10.467472076416016,0.2984303832054138,0.4020666778087616,1.8342471000505611,288000.0,8.572131947128103,-6.281421298085396,1.7216715090578492,6.281421298085396
er,128,0.3,13,1.0,0.0,-10.5335693359375,6.1205339431762695,0.9999999403953552,1.0,1.0653500000480562,384000.0,12.562842596170787,-6.281421298085396,1.7216715090578492,6.281421298085396
er,128,0.3,13,1.0,0.1,-12.606597900390625,5.814474582672119,0.9999999403953552,1.0,1.0810443001100793,384000.0,12.46284259617078,-6.281421298085396,1.7216715090578492,6.281421298085396
er,128,0.3,13,1.0,0.2,-15.029446601867676,5.933842658996582,0.9999999403953552,1.0,1.1155627000844106,384000.0,12.362842596170772,-6.281421298085396,1.7216715090578492,6.281421298085396
er,128,0.3,13,1.0,0.3,-20.989402770996094,5.259732246398926,0.9999999403953552,1.0,1.0279734999639913,384000.0,12.262842596170787,-6.281421298085396,1.7216715090578492,6.281421298085396
er,128,0.3,13,1.0,0.4,-22.634868621826172,3.8449366092681885,0.9999999403953552,1.0,1.0766236000927165,384000.0,12.162842596170771,-6.281421298085396,1.7216715090578492,6.281421298085396
er,128,0.3,13,1.0,0.6,-30.110719680786133,3.9876317977905273,0.9999999403953552,1.0,1.1140315000666305,384000.0,11.962842596170791,-6.281421298085396,1.7216715090578492,6.281421298085396
er,128,0.3,13,1.0,0.8,-40.385162353515625,4.033923149108887,0.9999999403953552,1.0,1.0861455999547616,384000.0,11.76284259617078,-6.281421298085396,1.7216715090578492,6.281421298085396
er,128,0.3,14,0.0625,0.0,-79.39668273925781,1.4378602504730225,0.00022517562319990247,0.0064708334393799305,1.8760547999991104,24000.0,1.1438382388435244,-6.301622968514556,1.6507059107481683,6.301622968514556
er,128,0.3,14,0.0625,0.1,-79.86273193359375,1.7921425104141235,0.00016768358182162046,0.005358333233743906,1.8788406000239775,24000.0,1.1500882388435179,-6.301622968514556,1.6507059107481683,6.301622968514556
er,128,0.3,14,0.0625,0.2,-79.84978485107422,1.7762669324874878,0.00012172749848105013,0.004345833323895931,1.7460301000392064,24000.0,1.156338238843518,-6.301622968514556,1.6507059107481683,6.301622968514556
er,128,0.3,14,0.0625,0.3,-79.61676025390625,2.283019781112671,9.830458293436095e-05,0.003633333370089531,2.1522085999604315,24000.0,1.162588238843517,-6.301622968514556,1.6507059107481683,6.301622968514556
er,128,0.3,14,0.0625,0.4,-78.87885284423828,2.6380889415740967,8.099660772131756e-05,0.003462499938905239,1.9816975001012906,24000.0,1.1688382388435263,-6.301622968514556,1.6507059107481683,6.301622968514556
er,128,0.3,14,0.0625,0.6,-79.46141052246094,2.4530861377716064,4.9379992560716346e-05,0.002079166704788804,1.9125623999862,24000.0,1.1813382388435223,-6.301622968514556,1.6507059107481683,6.301622968514556
er,128,0.3,14,0.0625,0.8,-79.5390853881836,1.9809218645095825,3.0424051146837883e-05,0.001416666666045785,1.8882484999485314,24000.0,1.1938382388435222,-6.301622968514556,1.6507059107481683,6.301622968514556
er,128,0.3,14,0.125,0.0,-80.4323501586914,0.7773964405059814,0.0008004098199307919,0.012562500312924385,1.8710535999853164,48000.0,1.2876764776870377,-6.301622968514556,1.6507059107481683,6.301622968514556
er,128,0.3,14,0.125,0.1,-80.54885864257812,1.0165562629699707,0.0006263532559387386,0.010758332908153534,1.8819415000034496,48000.0,1.3001764776870417,-6.301622968514556,1.6507059107481683,6.301622968514556
er,128,0.3,14,0.125,0.2,-81.06669616699219,0.9340745210647583,0.0004976298660039902,0.00865000020712614,1.912673700018786,48000.0,1.3126764776870432,-6.301622968514556,1.6507059107481683,6.301622968514556
er,128,0.3,14,0.125,0.3,-80.84661865234375,1.406275987625122,0.00038314081029966474,0.0071000000461936,1.9131199000403285,48000.0,1.32517647768705,-6.301622968514556,1.6507059107481683,6.301622968514556
er,128,0.3,14,0.125,0.4,-80.58769226074219,1.6829559803009033,0.00030822172993794084,0.0062166666612029076,2.079434199957177,48000.0,1.3376764776870473,-6.301622968514556,1.6507059107481683,6.301622968514556
er,128,0.3,14,0.125,0.6,-81.17025756835938,1.4444888830184937,0.00018056223052553833,0.00417083315551281,1.935683500021696,48000.0,1.3626764776870464,-6.301622968514556,1.6507059107481683,6.301622968514556
er,128,0.3,14,0.125,0.8,-81.05374908447266,1.4677382707595825,9.655380563344806e-05,0.002579166553914547,2.019018099992536,48000.0,1.3876764776870472,-6.301622968514556,1.6507059107481683,6.301622968514556
er,128,0.3,14,0.25,0.0,-80.4323501586914,0.9906704425811768,0.003681875066831708,0.027433333918452263,1.9049040999962017,96000.0,2.400811484257275,-6.301622968514556,1.6507059107481683,6.301622968514556
er,128,0.3,14,0.25,0.1,-80.83366394042969,0.6555240750312805,0.0027613677084445953,0.02239583246409893,1.8951958999969065,96000.0,2.3758114842572793,-6.301622968514556,1.6507059107481683,6.301622968514556
er,128,0.3,14,0.25,0.2,-81.2867660522461,0.37386298179626465,0.0022076142486184835,0.01875416748225689,1.796539400005713,96000.0,2.350811484257277,-6.301622968514556,1.6507059107481683,6.301622968514556
er,128,0.3,14,0.25,0.3,-81.28677368164062,0.9454874396324158,0.0016427404480054975,0.015320833772420883,1.9549537000712007,96000.0,2.325811484257274,-6.301622968514556,1.6507059107481683,6.301622968514556
er,128,0.3,14,0.25,0.4,-81.14436340332031,1.0537909269332886,0.0012950386153534055,0.012729167006909847,1.914162400062196,96000.0,2.3008114842572764,-6.301622968514556,1.6507059107481683,6.301622968514556
er,128,0.3,14,0.25,0.6,-81.64926147460938,0.5455690622329712,0.0007126336568035185,0.00840833317488432,1.854083999991417,96000.0,2.250811484257275,-6.301622968514556,1.6507059107481683,6.301622968514556
er,128,0.3,14,0.25,0.8,-80.9372329711914,1.3728680610656738,0.0004104451509192586,0.005529166664928198,1.908627900062129,96000.0,2.2008114842572777,-6.301622968514556,1.6507059107481683,6.301622968514556
er,128,0.3,14,0.5,0.0,-41.115909576416016,4.487812042236328,0.15637490153312683,0.3223833441734314,1.994882700033486,192000.0,5.8016229685145575,-6.301622968514556,1.6507059107481683,6.301622968514556
er,128,0.3,14,0.5,0.1,-44.028717041015625,3.8842625617980957,0.15500439703464508,0.32036250829696655,2.00729149999097,192000.0,5.751622968514551,-6.301622968514556,1.6507059107481683,6.301622968514556
er,128,0.3,14,0.5,0.2,-50.851158142089844,6.177011966705322,0.15336529910564423,0.3183625042438507,2.01813359989319,192000.0,5.701622968514561,-6.301622968514556,1.6507059107481683,6.301622968514556
er,128,0.3,14,0.5,0.3,-63.641624450683594,10.228373527526855,0.14562778174877167,0.303808331489563,2.001748599926941,192000.0,5.651622968514547,-6.301622968514556,1.6507059107481683,6.301622968514556
er,128,0.3,14,0.5,0.4,-81.61042022705078,0.9499090313911438,0.011737563647329807,0.039120834320783615,1.9549030000343919,192000.0,5.601622968514555,-6.301622968514556,1.6507059107481683,6.301622968514556
er,128,0.3,14,0.5,0.6,-81.5197982788086,1.1371703147888184,0.0032972211483865976,0.018170833587646484,1.8514843999873847,192000.0,5.501622968514559,-6.301622968514556,1.6507059107481683,6.301622968514556
er,128,0.3,14,0.5,0.8,-81.37739562988281,1.3824766874313354,0.0017169788479804993,0.011841666884720325,1.8746497000101954,192000.0,5.4016229685145545,-6.301622968514556,1.6507059107481683,6.301622968514556
er,128,0.3,14,0.75,0.0,-21.10167694091797,3.306889057159424,0.4501064419746399,0.6000291705131531,1.9998353000264615,288000.0,9.202434452771834,-6.301622968514556,1.6507059107481683,6.301622968514556
er,128,0.3,14,0.75,0.1,-23.354249954223633,2.552788496017456,0.45009005069732666,0.6000249981880188,1.96524260006845,288000.0,9.12743445277184,-6.301622968514556,1.6507059107481683,6.301622968514556
er,128,0.3,14,0.75,0.2,-25.619766235351562,2.1810519695281982,0.45005691051483154,0.5999541878700256,2.0255537000484765,288000.0,9.052434452771829,-6.301622968514556,1.6507059107481683,6.301622968514556
er,128,0.3,14,0.75,0.3,-29.8012638092041,4.664913654327393,0.4500313103199005,0.5999666452407837,1.9707001000642776,288000.0,8.977434452771831,-6.301622968514556,1.6507059107481683,6.301622968514556
er,128,0.3,14,0.75,0.4,-32.88236999511719,3.7531700134277344,0.449992835521698,0.5999166369438171,1.9961455999873579,288000.0,8.902434452771839,-6.301622968514556,1.6507059107481683,6.301622968514556
er,128,0.3,14,0.75,0.6,-43.91219711303711,4.195643424987793,0.4499119222164154,0.5998374819755554,2.0164307999657467,288000.0,8.752434452771832,-6.301622968514556,1.6507059107481683,6.301622968514556
er,128,0.3,14,0.75,0.8,-71.77159118652344,10.909597396850586,0.28386613726615906,0.38337084650993347,2.028668300015852,288000.0,8.602434452771833,-6.301622968514556,1.6507059107481683,6.301622968514556
er,128,0.3,14,1.0,0.0,-6.913064479827881,9.211963653564453,0.9999999403953552,1.0,1.1347543000010774,384000.0,12.603245937029119,-6.301622968514556,1.6507059107481683,6.301622968514556
er,128,0.3,14,1.0,0.1,-11.120455741882324,5.458683490753174,0.9999999403953552,1.0,1.2136440000031143,384000.0,12.503245937029117,-6.301622968514556,1.6507059107481683,6.301622968514556
er,128,0.3,14,1.0,0.2,-15.703272819519043,4.427317142486572,0.9999999403953552,1.0,1.2418504999950528,384000.0,12.403245937029107,-6.301622968514556,1.6507059107481683,6.301622968514556
er,128,0.3,14,1.0,0.3,-19.405776977539062,3.4452412128448486,0.9999999403953552,1.0,1.3221431000856683,384000.0,12.303245937029095,-6.301622968514556,1.6507059107481683,6.301622968514556
er,128,0.3,14,1.0,0.4,-21.697185516357422,3.4561691284179688,0.9999999403953552,1.0,1.0673526000464335,384000.0,12.203245937029095,-6.301622968514556,1.6507059107481683,6.301622968514556
er,128,0.3,14,1.0,0.6,-29.257543563842773,2.9887735843658447,0.9999999403953552,1.0,1.244475599960424,384000.0,12.003245937029112,-6.301622968514556,1.6507059107481683,6.301622968514556
er,128,0.3,14,1.0,0.8,-38.57852554321289,4.017376899719238,0.9999999403953552,1.0,1.2749309000791982,384000.0,11.80324593702912,-6.301622968514556,1.6507059107481683,6.301622968514556
sk,128,0.3,10,0.0625,0.0,-92.98297882080078,2.0340380668640137,0.00015122588956728578,0.005112499929964542,1.8845870000077412,24000.0,1.1874251366929116,-1.9256953656243896,1.9994010935433078,1.9994010935433078
sk,128,0.3,10,0.0625,0.1,-93.96593475341797,1.3776886463165283,0.0001299803116125986,0.004095833282917738,1.7843885000329465,24000.0,1.1936751366929177,-1.9256953656243896,1.9994010935433078,1.9994010935433078
sk,128,0.3,10,0.0625,0.2,-94.08336639404297,1.5135761499404907,0.00011108186299679801,0.003533333307132125,1.8908994999947026,24000.0,1.1999251366929162,-1.9256953656243896,1.9994010935433078,1.9994010935433078
sk,128,0.3,10,0.0625,0.3,-93.20022583007812,2.211254596710205,7.583155093016103e-05,0.0031666667200624943,1.8194734000135213,24000.0,1.2061751366929172,-1.9256953656243896,1.9994010935433078,1.9994010935433078
sk,128,0.3,10,0.0625,0.4,-93.07271575927734,2.1237521171569824,6.630532152485102e-05,0.0026708333753049374,1.8269741999683902,24000.0,1.2124251366929137,-1.9256953656243896,1.9994010935433078,1.9994010935433078
sk,128,0.3,10,0.0625,0.6,-92.80723571777344,2.172697067260742,3.7904352211626247e-05,0.0017666666535660625,1.8984853000147268,24000.0,1.2249251366929197,-1.9256953656243896,1.9994010935433078,1.9994010935433078
sk,128,0.3,10,0.0625,0.8,-91.77256774902344,2.7459194660186768,1.856529706856236e-05,0.0011749999830499291,1.8095213000196964,24000.0,1.2374251366929114,-1.9256953656243896,1.9994010935433078,1.9994010935433078
sk,128,0.3,10,0.125,0.0,-94.5973892211914,1.1330537796020508,0.0006370159098878503,0.009937499649822712,1.850920099997893,48000.0,1.3748502733858257,-1.9256953656243896,1.9994010935433078,1.9994010935433078
sk,128,0.3,10,0.125,0.1,-94.47017669677734,1.6719990968704224,0.0005014909547753632,0.008358333259820938,1.8966656000120565,48000.0,1.3873502733858323,-1.9256953656243896,1.9994010935433078,1.9994010935433078
sk,128,0.3,10,0.125,0.2,-94.97913360595703,0.8507353663444519,0.00038774212589487433,0.006854166742414236,1.785762200015597,48000.0,1.39985027338583,-1.9256953656243896,1.9994010935433078,1.9994010935433078
sk,128,0.3,10,0.125,0.3,-94.45895385742188,1.4475960731506348,0.0003104388015344739,0.005883333273231983,1.8565132999792695,48000.0,1.4123502733858269,-1.9256953656243896,1.9994010935433078,1.9994010935433078
sk,128,0.3,10,0.125,0.4,-94.5519790649414,1.4737550020217896,0.0002522228460293263,0.0050916667096316814,1.9048162000253797,48000.0,1.4248502733858304,-1.9256953656243896,1.9994010935433078,1.9994010935433078
sk,128,0.3,10,0.125,0.6,-94.510986328125,1.5526782274246216,0.00014356979227159172,0.0034041667822748423,1.868084799963981,48000.0,1.4498502733858247,-1.9256953656243896,1.9994010935433078,1.9994010935433078
sk,128,0.3,10,0.125,0.8,-93.41093444824219,2.287864923477173,8.217616414185613e-05,0.0023791666608303785,1.7859237999655306,48000.0,1.4748502733858326,-1.9256953656243896,1.9994010935433078,1.9994010935433078
sk,128,0.3,10,0.25,0.0,-95.08485412597656,0.20953822135925293,0.0026210802607238293,0.02057916671037674,2.3346866000210866,96000.0,1.7497005467716686,-1.9256953656243896,1.9994010935433078,1.9994010935433078
sk,128,0.3,10,0.25,0.1,-95.2706527709961,0.16114461421966553,0.0021172643173485994,0.01729583367705345,1.7415629000170156,96000.0,1.7747005467716463,-1.9256953656243896,1.9994010935433078,1.9994010935433078
sk,128,0.3,10,0.25,0.2,-95.01115417480469,0.9977682828903198,0.0016712023643776774,0.014583333395421505,1.8117227000184357,96000.0,1.7997005467716554,-1.9256953656243896,1.9994010935433078,1.9994010935433078
sk,128,0.3,10,0.25,0.3,-95.02828216552734,1.0848103761672974,0.0012774476781487465,0.01210416667163372,1.705738399992697,96000.0,1.8247005467716457,-1.9256953656243896,1.9994010935433078,1.9994010935433078
sk,128,0.3,10,0.25,0.4,-95.21318054199219,1.0423457622528076,0.0009523008484393358,0.010095832869410515,1.7506168999243528,96000.0,1.8497005467716536,-1.9256953656243896,1.9994010935433078,1.9994010935433078
sk,128,0.3,10,0.25,0.6,-94.7527084350586,1.4273402690887451,0.0005662014009431005,0.0070333331823349,2.156670599943027,96000.0,1.8997005467716561,-1.9256953656243896,1.9994010935433078,1.9994010935433078
sk,128,0.3,10,0.25,0.8,-94.79800415039062,1.4859936237335205,0.0003282148973084986,0.004745833110064268,1.8260983999352902,96000.0,1.9497005467716577,-1.9256953656243896,1.9994010935433078,1.9994010935433078
sk,128,0.3,10,0.5,0.0,-95.17424774169922,0.21527887880802155,0.011912636458873749,0.04361666738986969,2.125423299963586,192000.0,2.499401093543315,-1.9256953656243896,1.9994010935433078,1.9994010935433078
sk,128,0.3,10,0.5,0.1,-95.2496566772461,0.14440856873989105,0.009664079174399376,0.036787498742341995,1.753922399948351,192000.0,2.549401093543306,-1.9256953656243896,1.9994010935433078,1.9994010935433078
sk,128,0.3,10,0.5,0.2,-95.18787384033203,0.7631587386131287,0.007294813171029091,0.03084166720509529,1.935869700042531,192000.0,2.5994010935433067,-1.9256953656243896,1.9994010935433078,1.9994010935433078
sk,128,0.3,10,0.5,0.3,-95.12052917480469,1.0007004737854004,0.005700633395463228,0.024766666814684868,1.80008839990478,192000.0,2.649401093543304,-1.9256953656243896,1.9994010935433078,1.9994010935433078
sk,128,0.3,10,0.5,0.4,-95.42491149902344,0.0525907538831234,0.004353150259703398,0.020895833149552345,1.8462620000354946,192000.0,2.699401093543324,-1.9256953656243896,1.9994010935433078,1.9994010935433078
sk,128,0.3,10,0.5,0.6,-95.44579315185547,0.010643385350704193,0.0024131201207637787,0.014666666276752949,1.8659546999260783,192000.0,2.7994010935433042,-1.9256953656243896,1.9994010935433078,1.9994010935433078
sk,128,0.3,10,0.5,0.8,-94.60924530029297,1.4999407529830933,0.0013631741749122739,0.009754166938364506,2.0293371999869123,192000.0,2.8994010935433288,-1.9256953656243896,1.9994010935433078,1.9994010935433078
sk,128,0.3,10,0.75,0.0,-95.10067749023438,0.2815183401107788,0.03361368179321289,0.07404583692550659,2.0441963999764994,288000.0,3.249101640314984,-1.9256953656243896,1.9994010935433078,1.9994010935433078
sk,128,0.3,10,0.75,0.1,-95.22852325439453,0.19077080488204956,0.025873299688100815,0.060754165053367615,1.9451233999570832,288000.0,3.3241016403149986,-1.9256953656243896,1.9994010935433078,1.9994010935433078
sk,128,0.3,10,0.75,0.2,-95.37559509277344,0.08159960061311722,0.019726311787962914,0.04908749833703041,1.8545648000435904,288000.0,3.3991016403149876,-1.9256953656243896,1.9994010935433078,1.9994010935433078
sk,128,0.3,10,0.75,0.3,-95.42106628417969,0.03678862005472183,0.014908038079738617,0.04034166783094406,1.8430917999939993,288000.0,3.4741016403149834,-1.9256953656243896,1.9994010935433078,1.9994010935433078
sk,128,0.3,10,0.75,0.4,-95.43192291259766,0.03507130220532417,0.011173883453011513,0.032729167491197586,1.833151699975133,288000.0,3.5491016403149866,-1.9256953656243896,1.9994010935433078,1.9994010935433078
sk,128,0.3,10,0.75,0.6,-95.4436264038086,0.014735107310116291,0.006173855159431696,0.02201666682958603,1.8411639999831095,288000.0,3.699101640314983,-1.9256953656243896,1.9994010935433078,1.9994010935433078
sk,128,0.3,10,0.75,0.8,-95.10688781738281,0.9989924430847168,0.003236359218135476,0.014375000260770321,1.7408588000107557,288000.0,3.8491016403149914,-1.9256953656243896,1.9994010935433078,1.9994010935433078
sk,128,0.3,10,1.0,0.0,-93.18401336669922,0.7467193603515625,0.1618117243051529,0.20005416870117188,1.2767463999334723,384000.0,3.9988021870866373,-1.9256953656243896,1.9994010935433078,1.9994010935433078
sk,128,0.3,10,1.0,0.1,-94.81159210205078,0.2946290969848633,0.09115712344646454,0.12655416131019592,1.278521699947305,384000.0,4.098802187086612,-1.9256953656243896,1.9994010935433078,1.9994010935433078
sk,128,0.3,10,1.0,0.2,-95.28811645507812,0.1013917326927185,0.05600311607122421,0.08837082982063293,1.257049800013192,384000.0,4.198802187086637,-1.9256953656243896,1.9994010935433078,1.9994010935433078
sk,128,0.3,10,1.0,0.3,-95.40228271484375,0.06398124992847443,0.036660097539424896,0.06512083113193512,1.2485123000806198,384000.0,4.298802187086627,-1.9256953656243896,1.9994010935433078,1.9994010935433078
sk,128,0.3,10,1.0,0.4,-95.42975616455078,0.035687342286109924,0.025165563449263573,0.05009583383798599,1.1578756000380963,384000.0,4.39880218708663,-1.9256953656243896,1.9994010935433078,1.9994010935433078
sk,128,0.3,10,1.0,0.6,-95.44579315185547,0.010643385350704193,0.012187694199383259,0.030574999749660492,1.203912099939771,384000.0,4.5988021870866405,-1.9256953656243896,1.9994010935433078,1.9994010935433078
sk,128,0.3,10,1.0,0.8,-95.19886016845703,1.220367431640625,0.0064271981827914715,0.019858334213495255,1.1145436000078917,384000.0,4.798802187086639,-1.9256953656243896,1.9994010935433078,1.9994010935433078
sk,128,0.3,11,0.0625,0.0,-90.03155517578125,1.2229408025741577,0.00016629541642032564,0.005358333233743906,1.7222347999922931,24000.0,1.1773532154674586,-2.0129577817404147,1.9188257237396775,2.0129577817404147
sk,128,0.3,11,0.0625,0.1,-90.15624237060547,1.1771546602249146,0.0001409645628882572,0.004787500016391277,1.9095390000147745,24000.0,1.183603215467464,-2.0129577817404147,1.9188257237396775,2.0129577817404147
sk,128,0.3,11,0.0625,0.2,-90.00093078613281,1.1606348752975464,0.00010321282024960965,0.0038666666951030493,1.7664644999895245,24000.0,1.1898532154674573,-2.0129577817404147,1.9188257237396775,2.0129577817404147
sk,128,0.3,11,0.0625,0.3,-90.39045715332031,1.3649988174438477,9.152801794698462e-05,0.0032541665714234114,1.7493472000351176,24000.0,1.196103215467454,-2.0129577817404147,1.9188257237396775,2.0129577817404147
sk,128,0.3,11,0.0625,0.4,-90.39871978759766,1.1591423749923706,6.387036410160363e-05,0.002729166764765978,1.8254535000305623,24000.0,1.2023532154674565,-2.0129577817404147,1.9188257237396775,2.0129577817404147
sk,128,0.3,11,0.0625,0.6,-90.01158142089844,1.220202088356018,3.5319029848324135e-05,0.001825000043027103,1.881824400043115,24000.0,1.2148532154674592,-2.0129577817404147,1.9188257237396775,2.0129577817404147
sk,128,0.3,11,0.0625,0.8,-89.02243041992188,1.6536333560943604,2.6118736059288494e-05,0.0014041666872799397,1.7310866999905556,24000.0,1.2273532154674667,-2.0129577817404147,1.9188257237396775,2.0129577817404147
sk,128,0.3,11,0.125,0.0,-90.61201477050781,1.1693646907806396,0.000671620829962194,0.01068333350121975,1.8363512000069022,48000.0,1.354706430934922,-2.0129577817404147,1.9188257237396775,2.0129577817404147
sk,128,0.3,11,0.125,0.1,-90.82279968261719,1.1230148077011108,0.0005141939618624747,0.008491666987538338,1.8582790999207646,48000.0,1.3672064309349181,-2.0129577817404147,1.9188257237396775,2.0129577817404147
sk,128,0.3,11,0.125,0.2,-91.06378173828125,0.9821026921272278,0.00041925444384105504,0.0076374998316168785,1.8563119999598712,48000.0,1.3797064309349139,-2.0129577817404147,1.9188257237396775,2.0129577817404147
sk,128,0.3,11,0.125,0.3,-90.8222885131836,1.1159192323684692,0.00034245222923345864,0.00628749979659915,1.893968499964103,48000.0,1.392206430934918,-2.0129577817404147,1.9188257237396775,2.0129577817404147
sk,128,0.3,11,0.125,0.4,-90.79027557373047,0.7270786762237549,0.0002521000278647989,0.005370833445340395,1.834470900008455,48000.0,1.4047064309349122,-2.0129577817404147,1.9188257237396775,2.0129577817404147
sk,128,0.3,11,0.125,0.6,-90.86215209960938,1.0415122509002686,0.00015086648636497557,0.0037124999798834324,1.8958865000167862,48000.0,1.4297064309349234,-2.0129577817404147,1.9188257237396775,2.0129577817404147
sk,128,0.3,11,0.125,0.8,-90.66246032714844,1.419899344444275,7.255272794282064e-05,0.002370833419263363,1.8232848000479862,48000.0,1.4547064309349167,-2.0129577817404147,1.9188257237396775,2.0129577817404147
sk,128,0.3,11,0.25,0.0,-91.08067321777344,0.8021315336227417,0.00301854545250535,0.022433333098888397,1.9379297000123188,96000.0,1.7094128618698379,-2.0129577817404147,1.9188257237396775,2.0129577817404147
sk,128,0.3,11,0.25,0.1,-91.34508514404297,0.6757684350013733,0.002328538568690419,0.01835416629910469,2.004120699944906,96000.0,1.734412861869833,-2.0129577817404147,1.9188257237396775,2.0129577817404147
sk,128,0.3,11,0.25,0.2,-91.54725646972656,0.7098360657691956,0.001796878408640623,0.015625,1.901811399962753,96000.0,1.7594128618698333,-2.0129577817404147,1.9188257237396775,2.0129577817404147
sk,128,0.3,11,0.25,0.3,-91.40098571777344,0.6906200647354126,0.0014267273945733905,0.01295000035315752,1.9203173000132665,96000.0,1.7844128618698445,-2.0129577817404147,1.9188257237396775,2.0129577817404147
sk,128,0.3,11,0.25,0.4,-91.58316040039062,0.7274350523948669,0.001034818938933313,0.010116666555404663,1.895364600000903,96000.0,1.8094128618698373,-2.0129577817404147,1.9188257237396775,2.0129577817404147
sk,128,0.3,11,0.25,0.6,-91.2414779663086,0.9133496284484863,0.0005820818478241563,0.0070374999195337296,1.9682690999470651,96000.0,1.859412861869839,-2.0129577817404147,1.9188257237396775,2.0129577817404147
sk,128,0.3,11,0.25,0.8,-91.14257049560547,1.0465490818023682,0.00035011317231692374,0.004787500016391277,2.029621100053191,96000.0,1.9094128618698374,-2.0129577817404147,1.9188257237396775,2.0129577817404147
sk,128,0.3,11,0.5,0.0,-91.34849548339844,0.4329812526702881,0.013801487162709236,0.049270834773778915,2.091362199978903,192000.0,2.4188257237396784,-2.0129577817404147,1.9188257237396775,2.0129577817404147
sk,128,0.3,11,0.5,0.1,-91.4130859375,0.5154597163200378,0.010869556106626987,0.04091666638851166,1.9812789999414235,192000.0,2.4688257237396734,-2.0129577817404147,1.9188257237396775,2.0129577817404147
sk,128,0.3,11,0.5,0.2,-91.64190673828125,0.44706422090530396,0.008404132910072803,0.033770833164453506,1.9896857000421733,192000.0,2.5188257237396843,-2.0129577817404147,1.9188257237396775,2.0129577817404147
sk,128,0.3,11,0.5,0.3,-91.52615356445312,0.8156964182853699,0.006257823668420315,0.02758749946951866,2.0671527000376955,192000.0,2.568825723739674,-2.0129577817404147,1.9188257237396775,2.0129577817404147
sk,128,0.3,11,0.5,0.4,-91.6531753540039,0.7254030704498291,0.004735257476568222,0.022099999710917473,1.8632684999611229,192000.0,2.618825723739674,-2.0129577817404147,1.9188257237396775,2.0129577817404147
sk,128,0.3,11,0.5,0.6,-91.29930877685547,0.7276525497436523,0.0025507330428808928,0.01444166712462902,1.8644312000833452,192000.0,2.71882572373967,-2.0129577817404147,1.9188257237396775,2.0129577817404147
sk,128,0.3,11,0.5,0.8,-91.38135528564453,0.7907392382621765,0.0014221410965546966,0.010058333165943623,1.8301837999606505,192000.0,2.8188257237396805,-2.0129577817404147,1.9188257237396775,2.0129577817404147
sk,128,0.3,11,0.75,0.0,-91.08258056640625,0.62322998046875,0.039828889071941376,0.08579999953508377,1.8448159000836313,288000.0,3.1282385856094983,-2.0129577817404147,1.9188257237396775,2.0129577817404147
sk,128,0.3,11,0.75,0.1,-91.3708267211914,0.4050784409046173,0.03109172359108925,0.07190000265836716,1.9985205000266433,288000.0,3.2032385856095162,-2.0129577817404147,1.9188257237396775,2.0129577817404147
sk,128,0.3,11,0.75,0.2,-91.40432739257812,0.4997206926345825,0.023503897711634636,0.058512501418590546,2.045398800051771,288000.0,3.2782385856095093,-2.0129577817404147,1.9188257237396775,2.0129577817404147
sk,128,0.3,11,0.75,0.3,-91.7101821899414,0.5452913641929626,0.016399452462792397,0.044591665267944336,1.9977499999804422,288000.0,3.353238585609528,-2.0129577817404147,1.9188257237396775,2.0129577817404147
sk,128,0.3,11,0.75,0.4,-91.86924743652344,0.6278181672096252,0.011913836933672428,0.03501666709780693,1.900680199963972,288000.0,3.4282385856095132,-2.0129577817404147,1.9188257237396775,2.0129577817404147
sk,128,0.3,11,0.75,0.6,-91.69081115722656,0.5360642671585083,0.0067733461037278175,0.02407916635274887,1.8455932000651956,288000.0,3.578238585609521,-2.0129577817404147,1.9188257237396775,2.0129577817404147
sk,128,0.3,11,0.75,0.8,-91.58869934082031,0.621170163154602,0.003454584162682295,0.0155583331361413,1.8267719999421388,288000.0,3.7282385856095024,-2.0129577817404147,1.9188257237396775,2.0129577817404147
sk,128,0.3,11,1.0,0.0,-42.05507278442383,12.112174034118652,0.7733076214790344,0.8125333189964294,1.1646617000224069,384000.0,4.02591556348084,-2.0129577817404147,1.9188257237396775,2.0129577817404147
sk,128,0.3,11,1.0,0.1,-90.34271240234375,0.9880235195159912,0.2073790729045868,0.24675416946411133,1.310259799938649,384000.0,3.9376514474793574,-2.0129577817404147,1.9188257237396775,2.0129577817404147
sk,128,0.3,11,1.0,0.2,-91.37805938720703,0.38956981897354126,0.07134373486042023,0.10641666501760483,1.2744148999918252,384000.0,4.037651447479367,-2.0129577817404147,1.9188257237396775,2.0129577817404147
sk,128,0.3,11,1.0,0.3,-91.7612075805664,0.5426597595214844,0.04344397038221359,0.07366249710321426,1.1304221999598667,384000.0,4.137651447479381,-2.0129577817404147,1.9188257237396775,2.0129577817404147
sk,128,0.3,11,1.0,0.4,-91.8641586303711,0.43746230006217957,0.027614722028374672,0.05375833436846733,1.2244196999818087,384000.0,4.2376514474793705,-2.0129577817404147,1.9188257237396775,2.0129577817404147
sk,128,0.3,11,1.0,0.6,-91.7254867553711,0.5978654623031616,0.013256062753498554,0.032895833253860474,1.1420699999434873,384000.0,4.437651447479363,-2.0129577817404147,1.9188257237396775,2.0129577817404147
sk,128,0.3,11,1.0,0.8,-91.55279541015625,0.5536202788352966,0.006784123368561268,0.021549999713897705,1.3137735000345856,384000.0,4.637651447479351,-2.0129577817404147,1.9188257237396775,2.0129577817404147
sk,128,0.3,12,0.0625,0.0,-89.28652954101562,1.2574793100357056,0.00017633673269301653,0.005479166749864817,1.9310840999241918,24000.0,1.1742634864565218,-1.8960109511359788,1.894107891652227,1.8960109511359788
sk,128,0.3,12,0.0625,0.1,-89.40544128417969,0.8615049123764038,0.00013582086830865592,0.004350000061094761,1.9493598999688402,24000.0,1.1805134864565257,-1.8960109511359788,1.894107891652227,1.8960109511359788
sk,128,0.3,12,0.0625,0.2,-89.6730728149414,0.8291410803794861,0.00010424362699268386,0.0038874999154359102,2.3236011000117287,24000.0,1.1867634864565328,-1.8960109511359788,1.894107891652227,1.8960109511359788
sk,128,0.3,12,0.0625,0.3,-89.85572052001953,0.899496853351593,8.183790487237275e-05,0.0030083332676440477,2.0422560999868438,24000.0,1.1930134864565198,-1.8960109511359788,1.894107891652227,1.8960109511359788
sk,128,0.3,12,0.0625,0.4,-89.7225112915039,1.2789385318756104,6.270073936320841e-05,0.0027208332903683186,2.1321572000160813,24000.0,1.1992634864565297,-1.8960109511359788,1.894107891652227,1.8960109511359788
sk,128,0.3,12,0.0625,0.6,-89.55066680908203,1.4574636220932007,4.5578417484648526e-05,0.001808333327062428,1.7694094999460503,24000.0,1.2117634864565292,-1.8960109511359788,1.894107891652227,1.8960109511359788
sk,128,0.3,12,0.0625,0.8,-89.004150390625,1.4456521272659302,2.10256184800528e-05,0.001245833351276815,1.74753149994649,24000.0,1.2242634864565298,-1.8960109511359788,1.894107891652227,1.8960109511359788
sk,128,0.3,12,0.125,0.0,-89.99166107177734,0.7682902216911316,0.0007291768561117351,0.011220833286643028,1.8744063000194728,48000.0,1.3485269729130696,-1.8960109511359788,1.894107891652227,1.8960109511359788
sk,128,0.3,12,0.125,0.1,-90.3159408569336,0.6679856777191162,0.0005546968895941973,0.009087500162422657,2.1819376999046654,48000.0,1.3610269729130589,-1.8960109511359788,1.894107891652227,1.8960109511359788
sk,128,0.3,12,0.125,0.2,-90.09078979492188,0.85003262758255,0.0004347744688857347,0.007562499959021807,2.0298788000363857,48000.0,1.3735269729130641,-1.8960109511359788,1.894107891652227,1.8960109511359788
sk,128,0.3,12,0.125,0.3,-90.35246276855469,0.842923641204834,0.00032464126707054675,0.006649999879300594,1.9345036000013351,48000.0,1.3860269729130639,-1.8960109511359788,1.894107891652227,1.8960109511359788
sk,128,0.3,12,0.125,0.4,-90.4260482788086,0.8653631806373596,0.00024294029572047293,0.005254166666418314,1.9690566000062972,48000.0,1.3985269729130652,-1.8960109511359788,1.894107891652227,1.8960109511359788
sk,128,0.3,12,0.125,0.6,-90.23703002929688,1.395250678062439,0.00015051224909257144,0.0036458333488553762,1.9689703999320045,48000.0,1.4235269729130633,-1.8960109511359788,1.894107891652227,1.8960109511359788
sk,128,0.3,12,0.125,0.8,-89.83830261230469,1.4355061054229736,8.847429126035422e-05,0.0022083332296460867,1.8922065000515431,48000.0,1.4485269729130612,-1.8960109511359788,1.894107891652227,1.8960109511359788
sk,128,0.3,12,0.25,0.0,-90.24270629882812,0.5158605575561523,0.0030128287617117167,0.022441666573286057,1.837201099959202,96000.0,1.6970539458261138,-1.8960109511359788,1.894107891652227,1.8960109511359788
sk,128,0.3,12,0.25,0.1,-90.550537109375,0.3497135639190674,0.0023062326945364475,0.01886250078678131,1.8327819000696763,96000.0,1.7220539458261173,-1.8960109511359788,1.894107891652227,1.8960109511359788
sk,128,0.3,12,0.25,0.2,-90.73189544677734,0.26127198338508606,0.0018706624396145344,0.016054166480898857,2.0253379999194294,96000.0,1.7470539458261087,-1.8960109511359788,1.894107891652227,1.8960109511359788
sk,128,0.3,12,0.25,0.3,-90.77235412597656,0.4184647798538208,0.00142410839907825,0.013179166242480278,2.02732560003642,96000.0,1.7720539458261193,-1.8960109511359788,1.894107891652227,1.8960109511359788
sk,128,0.3,12,0.25,0.4,-90.84162139892578,0.23599986732006073,0.0010443469509482384,0.010583333671092987,1.9915858999593183,96000.0,1.797053945826116,-1.8960109511359788,1.894107891652227,1.8960109511359788
sk,128,0.3,12,0.25,0.6,-90.91730499267578,0.12782122194766998,0.0006234030588530004,0.007266666740179062,1.9769396999618039,96000.0,1.847053945826109,-1.8960109511359788,1.894107891652227,1.8960109511359788
sk,128,0.3,12,0.25,0.8,-90.42693328857422,1.3618782758712769,0.00033004049328155816,0.004770833533257246,1.8389341000001878,96000.0,1.8970539458261133,-1.8960109511359788,1.894107891652227,1.8960109511359788
sk,128,0.3,12,0.5,0.0,-90.34707641601562,0.4459594190120697,0.013988531194627285,0.050337500870227814,2.250236399937421,192000.0,2.3941078916522227,-1.8960109511359788,1.894107891652227,1.8960109511359788
sk,128,0.3,12,0.5,0.1,-90.63542938232422,0.23100461065769196,0.010899066925048828,0.041083332151174545,2.1261713999556378,192000.0,2.444107891652221,-1.8960109511359788,1.894107891652227,1.8960109511359788
sk,128,0.3,12,0.5,0.2,-90.69652557373047,0.4556064307689667,0.008265259675681591,0.033387500792741776,2.09241020004265,192000.0,2.49410789165223,-1.8960109511359788,1.894107891652227,1.8960109511359788
sk,128,0.3,12,0.5,0.3,-90.84539794921875,0.18639901280403137,0.006385584361851215,0.02810000069439411,2.370196199975908,192000.0,2.5441078916522457,-1.8960109511359788,1.894107891652227,1.8960109511359788
sk,128,0.3,12,0.5,0.4,-90.94273376464844,0.10310003906488419,0.004573737736791372,0.022233333438634872,1.986490200040862,192000.0,2.594107891652239,-1.8960109511359788,1.894107891652227,1.8960109511359788
sk,128,0.3,12,0.5,0.6,-90.86634063720703,0.41818881034851074,0.0027895639650523663,0.015408333390951157,2.4173692000331357,192000.0,2.6941078916522394,-1.8960109511359788,1.894107891652227,1.8960109511359788
sk,128,0.3,12,0.5,0.8,-90.76070404052734,0.5864569544792175,0.001541712088510394,0.010045832954347134,2.3150338999694213,192000.0,2.7941078916522244,-1.8960109511359788,1.894107891652227,1.8960109511359788
sk,128,0.3,12,0.75,0.0,-90.16824340820312,0.361388236284256,0.040517695248126984,0.08708749711513519,1.7831352999201044,288000.0,3.091161837478344,-1.8960109511359788,1.894107891652227,1.8960109511359788
sk,128,0.3,12,0.75,0.1,-90.49182891845703,0.2809182405471802,0.030947444960474968,0.07100833207368851,1.7698790000285953,288000.0,3.1661618374783354,-1.8960109511359788,1.894107891652227,1.8960109511359788
sk,128,0.3,12,0.75,0.2,-90.7193374633789,0.20822040736675262,0.022725803777575493,0.056954167783260345,1.7758973001036793,288000.0,3.2411618374783346,-1.8960109511359788,1.894107891652227,1.8960109511359788
sk,128,0.3,12,0.75,0.3,-90.84386444091797,0.17172913253307343,0.017162641510367393,0.04535000026226044,1.9090430999640375,288000.0,3.3161618374783384,-1.8960109511359788,1.894107891652227,1.8960109511359788
sk,128,0.3,12,0.75,0.4,-90.83743286132812,0.4711344838142395,0.012480102479457855,0.03760416805744171,1.982429499970749,288000.0,3.3911618374783545,-1.8960109511359788,1.894107891652227,1.8960109511359788
sk,128,0.3,12,0.75,0.6,-90.8703384399414,0.5814346075057983,0.006833120249211788,0.02409166656434536,1.7926776999374852,288000.0,3.5411618374783544,-1.8960109511359788,1.894107891652227,1.8960109511359788
sk,128,0.3,12,0.75,0.8,-90.91267395019531,0.43047448992729187,0.003499251790344715,0.01586666703224182,1.8435385999036953,288000.0,3.6911618374783477,-1.8960109511359788,1.894107891652227,1.8960109511359788
sk,128,0.3,12,1.0,0.0,-65.88707733154297,10.531740188598633,0.5114762783050537,0.5486249923706055,1.2243064000504091,384000.0,3.7920219022719666,-1.8960109511359788,1.894107891652227,1.8960109511359788
sk,128,0.3,12,1.0,0.1,-89.64382934570312,0.5766447186470032,0.1523028314113617,0.19251249730587006,1.2255707000149414,384000.0,3.888215783304464,-1.8960109511359788,1.894107891652227,1.8960109511359788
sk,128,0.3,12,1.0,0.2,-90.63355255126953,0.2928203046321869,0.07124093919992447,0.10816249996423721,1.202503600041382,384000.0,3.9882157833044363,-1.8960109511359788,1.894107891652227,1.8960109511359788
sk,128,0.3,12,1.0,0.3,-90.89131164550781,0.1946556270122528,0.04278286173939705,0.07383333146572113,1.2178556999424472,384000.0,4.08821578330445,-1.8960109511359788,1.894107891652227,1.8960109511359788
sk,128,0.3,12,1.0,0.4,-90.95204162597656,0.08196119964122772,0.030069733038544655,0.05849583446979523,1.2765847999835387,384000.0,4.18821578330444,-1.8960109511359788,1.894107891652227,1.8960109511359788
sk,128,0.3,12,1.0,0.6,-90.92996978759766,0.431679368019104,0.01337529718875885,0.033287499099969864,1.1619482000824064,384000.0,4.388215783304443,-1.8960109511359788,1.894107891652227,1.8960109511359788
sk,128,0.3,12,1.0,0.8,-90.95055389404297,0.12323731929063797,0.0068578459322452545,0.021679166704416275,1.1899923000019044,384000.0,4.588215783304469,-1.8960109511359788,1.894107891652227,1.8960109511359788
sk,128,0.3,13,0.0625,0.0,-91.81078338623047,1.4393227100372314,0.00016081448120530695,0.005241666454821825,1.8300955999875441,24000.0,1.178029305262862,-1.9557190429660227,1.9242344421029127,1.9557190429660227
sk,128,0.3,13,0.0625,0.1,-92.14208221435547,1.3544905185699463,0.00013093369489070028,0.004287499934434891,1.8412514999508858,24000.0,1.184279305262863,-1.9557190429660227,1.9242344421029127,1.9557190429660227
sk,128,0.3,13,0.0625,0.2,-92.4216537475586,1.5546048879623413,9.582274651620537e-05,0.003441666718572378,1.9055325000081211,24000.0,1.190529305262858,-1.9557190429660227,1.9242344421029127,1.9557190429660227
sk,128,0.3,13,0.0625,0.3,-92.288330078125,1.6388366222381592,7.98154142103158e-05,0.0028874999843537807,1.9753194000804797,24000.0,1.1967793052628637,-1.9557190429660227,1.9242344421029127,1.9557190429660227
sk,128,0.3,13,0.0625,0.4,-91.98796081542969,1.6525206565856934,5.812000381411053e-05,0.002641666680574417,1.9141850000014529,24000.0,1.203029305262862,-1.9557190429660227,1.9242344421029127,1.9557190429660227
sk,128,0.3,13,0.0625,0.6,-92.2255630493164,1.7172363996505737,2.735348607529886e-05,0.0017291667172685266,1.826481300056912,24000.0,1.2155293052628642,-1.9557190429660227,1.9242344421029127,1.9557190429660227
sk,128,0.3,13,0.0625,0.8,-91.55488586425781,1.8120450973510742,1.4315414773591328e-05,0.0010875000152736902,1.8065675999969244,24000.0,1.2280293052628604,-1.9557190429660227,1.9242344421029127,1.9557190429660227
sk,128,0.3,13,0.125,0.0,-92.63277435302734,1.1221996545791626,0.0006959300953894854,0.010270833037793636,1.8658049999503419,48000.0,1.3560586105257282,-1.9557190429660227,1.9242344421029127,1.9557190429660227
sk,128,0.3,13,0.125,0.1,-92.98246765136719,1.3521101474761963,0.0005214675329625607,0.00858750008046627,1.911052400013432,48000.0,1.3685586105257312,-1.9557190429660227,1.9242344421029127,1.9557190429660227
sk,128,0.3,13,0.125,0.2,-93.18476867675781,0.9380213022232056,0.00038362821214832366,0.007054166868329048,1.8565373999299482,48000.0,1.3810586105257272,-1.9557190429660227,1.9242344421029127,1.9557190429660227
sk,128,0.3,13,0.125,0.3,-92.83206939697266,1.2681561708450317,0.0002924482396338135,0.005945833399891853,1.830196600058116,48000.0,1.3935586105257256,-1.9557190429660227,1.9242344421029127,1.9557190429660227
sk,128,0.3,13,0.125,0.4,-93.24002838134766,0.9924242496490479,0.00023489288287237287,0.0049541667103767395,1.770046400022693,48000.0,1.406058610525728,-1.9557190429660227,1.9242344421029127,1.9557190429660227
sk,128,0.3,13,0.125,0.6,-92.36397552490234,1.3881571292877197,0.00014124141307547688,0.003295833244919777,1.793178299907595,48000.0,1.4310586105257288,-1.9557190429660227,1.9242344421029127,1.9557190429660227
sk,128,0.3,13,0.125,0.8,-91.91867065429688,1.416209101676941,7.712176739005372e-05,0.002216666704043746,1.8290494999382645,48000.0,1.4560586105257345,-1.9557190429660227,1.9242344421029127,1.9557190429660227
sk,128,0.3,13,0.25,0.0,-93.43914031982422,0.6244714856147766,0.002706780331209302,0.020920833572745323,1.9090873999521136,96000.0,1.7121172210514586,-1.9557190429660227,1.9242344421029127,1.9557190429660227
sk,128,0.3,13,0.25,0.1,-93.82809448242188,0.14043661952018738,0.0020922308322042227,0.016829166561365128,1.9363778999540955,96000.0,1.7371172210514496,-1.9557190429660227,1.9242344421029127,1.9557190429660227
sk,128,0.3,13,0.25,0.2,-93.4136734008789,0.9013268947601318,0.0016878065653145313,0.01437916699796915,1.8301630000350997,96000.0,1.7621172210514575,-1.9557190429660227,1.9242344421029127,1.9557190429660227
sk,128,0.3,13,0.25,0.3,-93.40396118164062,0.8686556220054626,0.0013253228971734643,0.012091666460037231,1.75906800001394,96000.0,1.7871172210514557,-1.9557190429660227,1.9242344421029127,1.9557190429660227
sk,128,0.3,13,0.25,0.4,-93.41423034667969,0.811008095741272,0.001031022984534502,0.010116666555404663,1.8378926999866962,96000.0,1.812117221051452,-1.9557190429660227,1.9242344421029127,1.9557190429660227
sk,128,0.3,13,0.25,0.6,-93.3957748413086,0.9366785287857056,0.0005510204355232418,0.006687500048428774,1.8443597999867052,96000.0,1.862117221051453,-1.9557190429660227,1.9242344421029127,1.9557190429660227
sk,128,0.3,13,0.25,0.8,-92.96878814697266,1.019322395324707,0.0003071899409405887,0.004754166584461927,1.8690840000053868,96000.0,1.9121172210514585,-1.9557190429660227,1.9242344421029127,1.9557190429660227
sk,128,0.3,13,0.5,0.0,-93.58733367919922,0.3180600702762604,0.01249074935913086,0.04495416581630707,1.9053092999383807,192000.0,2.424234442102913,-1.9557190429660227,1.9242344421029127,1.9557190429660227
sk,128,0.3,13,0.5,0.1,-93.61145782470703,0.3553203344345093,0.009882391430437565,0.037695832550525665,2.0096593000926077,192000.0,2.4742344421029134,-1.9557190429660227,1.9242344421029127,1.9557190429660227
sk,128,0.3,13,0.5,0.2,-93.58380126953125,0.5917829871177673,0.007676573470234871,0.030766665935516357,2.1089934000046924,192000.0,2.5242344421029173,-1.9557190429660227,1.9242344421029127,1.9557190429660227
sk,128,0.3,13,0.5,0.3,-93.6988754272461,0.7082069516181946,0.005666854791343212,0.02473333291709423,1.828028800082393,192000.0,2.5742344421028993,-1.9557190429660227,1.9242344421029127,1.9557190429660227
sk,128,0.3,13,0.5,0.4,-93.58065795898438,0.5347586870193481,0.004378689453005791,0.02055416628718376,1.7695683999918401,192000.0,2.624234442102907,-1.9557190429660227,1.9242344421029127,1.9557190429660227
sk,128,0.3,13,0.5,0.6,-93.45410919189453,0.7220301032066345,0.0023886265698820353,0.013758333399891853,1.7434410999994725,192000.0,2.7242344421029396,-1.9557190429660227,1.9242344421029127,1.9557190429660227
sk,128,0.3,13,0.5,0.8,-93.38501739501953,0.7698073983192444,0.0013912253780290484,0.009637500159442425,1.867005700012669,192000.0,2.8242344421029273,-1.9557190429660227,1.9242344421029127,1.9557190429660227
sk,128,0.3,13,0.75,0.0,-93.50765991210938,0.3447917103767395,0.03545375540852547,0.07703333348035812,1.9508220000425354,288000.0,3.136351663154377,-1.9557190429660227,1.9242344421029127,1.9557190429660227
sk,128,0.3,13,0.75,0.1,-93.73373413085938,0.4113417863845825,0.026385273784399033,0.06186249852180481,1.9070910000009462,288000.0,3.211351663154361,-1.9557190429660227,1.9242344421029127,1.9557190429660227
sk,128,0.3,13,0.75,0.2,-93.82237243652344,0.4107639491558075,0.019878225401043892,0.049812499433755875,1.8902031999314204,288000.0,3.2863516631543614,-1.9557190429660227,1.9242344421029127,1.9557190429660227
sk,128,0.3,13,0.75,0.3,-93.70790100097656,0.612787663936615,0.014705764129757881,0.040670834481716156,1.7942581999814138,288000.0,3.3613516631543736,-1.9557190429660227,1.9242344421029127,1.9557190429660227
sk,128,0.3,13,0.75,0.4,-93.51663208007812,0.7829931378364563,0.011107245460152626,0.03265000134706497,1.9743752999929711,288000.0,3.4363516631543667,-1.9557190429660227,1.9242344421029127,1.9557190429660227
sk,128,0.3,13,0.75,0.6,-93.80371856689453,0.321465402841568,0.006016920320689678,0.02133333310484886,2.1405967000173405,288000.0,3.5863516631543537,-1.9557190429660227,1.9242344421029127,1.9557190429660227
sk,128,0.3,13,0.75,0.8,-93.75868225097656,0.36870962381362915,0.003302060766145587,0.014925000257790089,2.1653479000087827,288000.0,3.736351663154361,-1.9557190429660227,1.9242344421029127,1.9557190429660227
sk,128,0.3,13,1.0,0.0,-64.66088104248047,19.227231979370117,0.7353683710098267,0.7687541842460632,1.3757215000223368,384000.0,3.911438085932045,-1.9557190429660227,1.9242344421029127,1.9557190429660227
sk,128,0.3,13,1.0,0.1,-93.45480346679688,0.3301294147968292,0.09413058310747147,0.13007499277591705,1.3124815000919625,384000.0,3.948468884205843,-1.9557190429660227,1.9242344421029127,1.9557190429660227
sk,128,0.3,13,1.0,0.2,-93.72663879394531,0.4817832112312317,0.054653141647577286,0.08700833469629288,1.371574499993585,384000.0,4.048468884205805,-1.9557190429660227,1.9242344421029127,1.9557190429660227
sk,128,0.3,13,1.0,0.3,-93.6983871459961,0.6040642261505127,0.035558246076107025,0.06293333321809769,1.244091899949126,384000.0,4.148468884205815,-1.9557190429660227,1.9242344421029127,1.9557190429660227
sk,128,0.3,13,1.0,0.4,-93.83016967773438,0.4375882148742676,0.024557435885071754,0.04922499880194664,1.2544854000443593,384000.0,4.248468884205847,-1.9557190429660227,1.9242344421029127,1.9557190429660227
sk,128,0.3,13,1.0,0.6,-93.34843444824219,0.9974755644798279,0.012531379237771034,0.031458333134651184,1.1277928999625146,384000.0,4.448468884205843,-1.9557190429660227,1.9242344421029127,1.9557190429660227
sk,128,0.3,13,1.0,0.8,-93.52796936035156,0.6536400318145752,0.006082506384700537,0.018929166719317436,1.1616743999766186,384000.0,4.648468884205831,-1.9557190429660227,1.9242344421029127,1.9557190429660227
sk,128,0.3,14,0.0625,0.0,-92.34728240966797,1.1536470651626587,0.0001651429629418999,0.0050708334892988205,1.9900468999985605,24000.0,1.1829643014582407,-1.9876436028507851,1.9637144116659102,1.9876436028507851
sk,128,0.3,14,0.0625,0.1,-92.94120025634766,1.3252214193344116,0.00013059136108495295,0.003987499978393316,1.9569522000383586,24000.0,1.1892143014582386,-1.9876436028507851,1.9637144116659102,1.9876436028507851
sk,128,0.3,14,0.0625,0.2,-92.62063598632812,1.4785720109939575,0.00010875978477997705,0.0034000000450760126,1.9242486999137327,24000.0,1.1954643014582436,-1.9876436028507851,1.9637144116659102,1.9876436028507851
sk,128,0.3,14,0.0625,0.3,-93.01004028320312,1.0290902853012085,7.938261114759371e-05,0.002816666616126895,1.945010200026445,24000.0,1.2017143014582348,-1.9876436028507851,1.9637144116659102,1.9876436028507851
sk,128,0.3,14,0.0625,0.4,-92.57532501220703,1.4412943124771118,6.561670306837186e-05,0.002383333398029208,1.806607700069435,24000.0,1.2079643014582366,-1.9876436028507851,1.9637144116659102,1.9876436028507851
sk,128,0.3,14,0.0625,0.6,-91.98880004882812,2.2024245262145996,3.442874731263146e-05,0.0015541666653007269,2.041701199952513,24000.0,1.2204643014582455,-1.9876436028507851,1.9637144116659102,1.9876436028507851
sk,128,0.3,14,0.0625,0.8,-91.95824432373047,1.930580496788025,1.955403058673255e-05,0.0012583333300426602,2.3251135000027716,24000.0,1.2329643014582428,-1.9876436028507851,1.9637144116659102,1.9876436028507851
sk,128,0.3,14,0.125,0.0,-93.00407409667969,0.758258044719696,0.0006387747707776725,0.01008750032633543,1.7523789999540895,48000.0,1.3659286029164814,-1.9876436028507851,1.9637144116659102,1.9876436028507851
sk,128,0.3,14,0.125,0.1,-93.33871459960938,0.9220066666603088,0.0005118342814967036,0.008287499658763409,1.8406160000013188,48000.0,1.378428602916482,-1.9876436028507851,1.9637144116659102,1.9876436028507851
sk,128,0.3,14,0.125,0.2,-93.33306884765625,0.8501396179199219,0.0003936933644581586,0.007079166825860739,1.8217660000082105,48000.0,1.3909286029164725,-1.9876436028507851,1.9637144116659102,1.9876436028507851
sk,128,0.3,14,0.125,0.3,-93.05632781982422,1.4036568403244019,0.0003168170223943889,0.005574999842792749,2.0671124999644235,48000.0,1.4034286029164793,-1.9876436028507851,1.9637144116659102,1.9876436028507851
sk,128,0.3,14,0.125,0.4,-93.27288818359375,1.0450059175491333,0.00024725598632358015,0.004758333321660757,2.191427099984139,48000.0,1.4159286029164773,-1.9876436028507851,1.9637144116659102,1.9876436028507851
sk,128,0.3,14,0.125,0.6,-93.66211700439453,0.7276437282562256,0.0001372313708998263,0.003429166739806533,1.890090600005351,48000.0,1.4409286029164803,-1.9876436028507851,1.9637144116659102,1.9876436028507851
sk,128,0.3,14,0.125,0.8,-92.91157531738281,1.248335599899292,8.179606811609119e-05,0.0022416666615754366,1.8249253000831231,48000.0,1.4659286029164709,-1.9876436028507851,1.9637144116659102,1.9876436028507851
sk,128,0.3,14,0.25,0.0,-93.6543197631836,0.45272231101989746,0.0027104979380965233,0.020533332601189613,1.879348500049673,96000.0,1.7318572058329567,-1.9876436028507851,1.9637144116659102,1.9876436028507851
sk,128,0.3,14,0.25,0.1,-93.7461929321289,0.5235777497291565,0.0021596266888082027,0.017558332532644272,1.8932107000146061,96000.0,1.756857205832959,-1.9876436028507851,1.9637144116659102,1.9876436028507851
sk,128,0.3,14,0.25,0.2,-93.85580444335938,0.6202847361564636,0.0016976145561784506,0.014641666784882545,1.8292946999426931,96000.0,1.781857205832956,-1.9876436028507851,1.9637144116659102,1.9876436028507851
sk,128,0.3,14,0.25,0.3,-93.79943084716797,0.7900554537773132,0.0012884857133030891,0.012454167008399963,1.7204098000656813,96000.0,1.806857205832963,-1.9876436028507851,1.9637144116659102,1.9876436028507851
sk,128,0.3,14,0.25,0.4,-93.63076782226562,1.0349562168121338,0.000985711463727057,0.00988749973475933,1.903440099908039,96000.0,1.8318572058329587,-1.9876436028507851,1.9637144116659102,1.9876436028507851
sk,128,0.3,14,0.25,0.6,-93.70590209960938,1.0074416399002075,0.0005716541199944913,0.006845833268016577,1.8097307999851182,96000.0,1.8818572058329615,-1.9876436028507851,1.9637144116659102,1.9876436028507851
sk,128,0.3,14,0.25,0.8,-93.50513458251953,0.9794055223464966,0.0003215064643882215,0.004466666840016842,1.8991286000236869,96000.0,1.9318572058329588,-1.9876436028507851,1.9637144116659102,1.9876436028507851
sk,128,0.3,14,0.5,0.0,-93.51642608642578,0.38468602299690247,0.012341154739260674,0.04443333297967911,1.8265891999471933,192000.0,2.4637144116659107,-1.9876436028507851,1.9637144116659102,1.9876436028507851
sk,128,0.3,14,0.5,0.1,-93.79537963867188,0.4531221091747284,0.009954357519745827,0.037433333694934845,1.9092094999505207,192000.0,2.513714411665904,-1.9876436028507851,1.9637144116659102,1.9876436028507851
sk,128,0.3,14,0.5,0.2,-94.02811431884766,0.21191023290157318,0.007546084001660347,0.03048750013113022,1.7399593000300229,192000.0,2.5637144116659263,-1.9876436028507851,1.9637144116659102,1.9876436028507851
sk,128,0.3,14,0.5,0.3,-94.0399398803711,0.4107622802257538,0.005771450232714415,0.025824999436736107,1.9341132999397814,192000.0,2.613714411665914,-1.9876436028507851,1.9637144116659102,1.9876436028507851
sk,128,0.3,14,0.5,0.4,-94.13723754882812,0.10887657105922699,0.0045031290501356125,0.02109583280980587,1.9293631999753416,192000.0,2.663714411665909,-1.9876436028507851,1.9637144116659102,1.9876436028507851
sk,128,0.3,14,0.5,0.6,-94.08467102050781,0.2688121497631073,0.002451148582622409,0.013695833273231983,2.0335363999474794,192000.0,2.763714411665908,-1.9876436028507851,1.9637144116659102,1.9876436028507851
sk,128,0.3,14,0.5,0.8,-93.94145202636719,0.6402605175971985,0.0013718940317630768,0.008962499909102917,1.957317200023681,192000.0,2.863714411665919,-1.9876436028507851,1.9637144116659102,1.9876436028507851
sk,128,0.3,14,0.75,0.0,-93.33338928222656,0.32312893867492676,0.03491240739822388,0.07723750174045563,1.7580176999326795,288000.0,3.1955716174988438,-1.9876436028507851,1.9637144116659102,1.9876436028507851
sk,128,0.3,14,0.75,0.1,-93.85794067382812,0.31905025243759155,0.027755331248044968,0.06406249850988388,1.823799300007522,288000.0,3.2705716174988675,-1.9876436028507851,1.9637144116659102,1.9876436028507851
sk,128,0.3,14,0.75,0.2,-94.02595520019531,0.1794198602437973,0.020314326509833336,0.051366668194532394,1.8559831000166014,288000.0,3.345571617498877,-1.9876436028507851,1.9637144116659102,1.9876436028507851
sk,128,0.3,14,0.75,0.3,-94.13536834716797,0.12711437046527863,0.015269474126398563,0.040800001472234726,1.8848894000984728,288000.0,3.420571617498881,-1.9876436028507851,1.9637144116659102,1.9876436028507851
sk,128,0.3,14,0.75,0.4,-94.07212829589844,0.37570852041244507,0.01109892688691616,0.03271250054240227,1.8107249999884516,288000.0,3.495571617498871,-1.9876436028507851,1.9637144116659102,1.9876436028507851
sk,128,0.3,14,0.75,0.6,-94.0126953125,0.41198429465293884,0.006027618423104286,0.021524999290704727,1.9617672000313178,288000.0,3.645571617498873,-1.9876436028507851,1.9637144116659102,1.9876436028507851
sk,128,0.3,14,0.75,0.8,-94.08300018310547,0.36622878909111023,0.003250758396461606,0.014216667041182518,1.8451251999940723,288000.0,3.7955716174988607,-1.9876436028507851,1.9637144116659102,1.9876436028507851
sk,128,0.3,14,1.0,0.0,-64.26741027832031,11.42467975616455,0.43082094192504883,0.4691416621208191,1.3557187000988051,384000.0,3.9752872057015782,-1.9876436028507851,1.9637144116659102,1.9876436028507851
sk,128,0.3,14,1.0,0.1,-93.34915924072266,0.56467604637146,0.11164940148591995,0.14826250076293945,1.2297694999724627,384000.0,4.027428823331794,-1.9876436028507851,1.9637144116659102,1.9876436028507851
sk,128,0.3,14,1.0,0.2,-93.94095611572266,0.23294921219348907,0.053398843854665756,0.08552499860525131,1.2591619999147952,384000.0,4.127428823331851,-1.9876436028507851,1.9637144116659102,1.9876436028507851
sk,128,0.3,14,1.0,0.3,-94.07443237304688,0.14714936912059784,0.03548581153154373,0.06416666507720947,1.2346868000458926,384000.0,4.22742882333182,-1.9876436028507851,1.9637144116659102,1.9876436028507851
sk,128,0.3,14,1.0,0.4,-94.1337890625,0.08221165835857391,0.02435007318854332,0.048508334904909134,1.295644599944353,384000.0,4.327428823331801,-1.9876436028507851,1.9637144116659102,1.9876436028507851
sk,128,0.3,14,1.0,0.6,-94.14139556884766,0.06552001088857651,0.012311698868870735,0.03111249953508377,1.105003000004217,384000.0,4.527428823331835,-1.9876436028507851,1.9637144116659102,1.9876436028507851
sk,128,0.3,14,1.0,0.8,-93.98433685302734,0.5994935035705566,0.006153623573482037,0.01950833387672901,1.222410500049591,384000.0,4.7274288233318265,-1.9876436028507851,1.9637144116659102,1.9876436028507851
