family,q,xi,n_instances,best_energy_mean,best_energy_across_seed_std,energy_gap_to_seed_best_mean,energy_gap_to_seed_best_std,O_mean,O_across_seed_std,flip_fraction_mean,flip_fraction_across_seed_std,runtime_s_mean,mean_update_opportunities,spectral_rho_D1_beta_max,spectral_radius_J,tsp_feasible_rate,constraint_violation_mean,constraint_violation_min,best_route_distance_mean,n_feasible_trajectories
tsp,0.0625,0.0,5,-43.5209358215332,0.07810633576114423,0.8375373840332045,0.0340902130847439,0.00057099398691202,1.3830324083406578e-05,0.018996266648173298,0.00016147739502605807,1.6438754400238396,18000.0,0.9542531036742169,1.084194387392303,0.0,10.48,7.2,,0
tsp,0.0625,0.1,5,-43.60597305297851,0.031523356613919515,0.7525001525878906,0.06705786603043362,0.00047909801942292,1.5144689108555491e-05,0.01715626642107958,0.00018645314454784705,1.5563049599761143,18000.0,0.9605031036742163,1.084194387392303,0.0,10.288,8.0,,0
tsp,0.0625,0.2,5,-43.755994415283205,0.06880148714934498,0.6024787902832032,0.04971243204787254,0.00039507494075218,1.5334543995912437e-05,0.0153397331014275,0.00016331694843115874,1.595582879986614,18000.0,0.9667531036742183,1.084194387392303,0.0,9.328,6.8,,0
tsp,0.0625,0.3,5,-43.808264923095706,0.054752207157658155,0.5502082824707045,0.03786264971724241,0.00031670187017874,1.134387394117595e-05,0.013537066616117898,0.00017043300252968626,1.537643519998528,18000.0,0.9730031036742168,1.084194387392303,0.0,8.959999999999999,6.0,,0
tsp,0.0625,0.4,5,-43.87674560546875,0.029430408267635686,0.48172760009765625,0.029049836017189135,0.00025632292963556,9.223498754203088e-06,0.012083199806511341,0.00017497156087010405,1.5044506599893794,18000.0,0.9792531036742164,1.084194387392303,0.0,8.608,5.6,,0
tsp,0.0625,0.6,5,-43.996002197265625,0.052127340183884686,0.36247100830078266,0.0301439987910916,0.00015353006019719998,4.360303683390179e-06,0.00908159967511886,0.00022197154918710788,1.575322900013998,18000.0,0.9917531036742167,1.084194387392303,0.0,7.856,4.4,,0
tsp,0.0625,0.8,5,-44.018462371826175,0.04334979914777079,0.3400108337402344,0.03455808221640659,8.585460745962337e-05,7.6235427466031304e-06,0.00660906620323652,0.00016642205808283496,1.516035999986343,18000.0,1.0042531036742184,1.084194387392303,0.0,7.664,4.8,,0
tsp,0.125,0.0,5,-43.60029296875,0.046426730827664325,0.7581802368164091,0.053530047524712,0.0023051171097903797,7.021870643476839e-05,0.0380810663104057,0.0004504267215294328,1.608313860022463,36000.0,0.9085062073484329,1.084194387392303,0.0,10.224,6.4,,0
tsp,0.125,0.1,5,-43.69629669189453,0.03510760057656598,0.662176513671875,0.055400620958914,0.0019293688237666598,6.719120009134855e-05,0.03428906798362726,0.0005813139243991621,1.5902920399792493,36000.0,0.9210062073484331,1.084194387392303,0.0,9.52,6.4,,0
tsp,0.125,0.2,5,-43.788475799560544,0.08948261342062823,0.5699974060058594,0.09706193333384396,0.00158032181207086,5.911271894867377e-05,0.03072319999337192,0.0004684016159171395,1.5668753000209108,36000.0,0.9335062073484319,1.084194387392303,0.0,9.28,6.0,,0
tsp,0.125,0.3,5,-43.88863067626953,0.06813338036523224,0.4698425292968736,0.045723979266454724,0.0012712307274341,4.5741528746219925e-05,0.027298133075237218,0.00031856481123208365,1.5552015400025994,36000.0,0.9460062073484312,1.084194387392303,0.0,8.544,6.0,,0
tsp,0.125,0.4,5,-43.964054870605466,0.035911132796995024,0.39441833496093465,0.04330826986731912,0.00100995198590676,4.093096237404616e-05,0.02382293343544002,0.00044557146728930867,1.5288247400196269,36000.0,0.9585062073484318,1.084194387392303,0.0,8.112,4.0,,0
tsp,0.125,0.6,5,-44.045468139648435,0.03774967867767839,0.31300506591797017,0.024086571367308303,0.00059446991654108,7.181059021036017e-06,0.01802026666700838,0.00026919839574715093,1.6053590600145982,36000.0,0.9835062073484335,1.084194387392303,0.0,7.632,4.8,,0
tsp,0.125,0.8,5,-44.11021881103515,0.07691142707649982,0.2482543945312486,0.06967449143720263,0.0003333181375637,9.292033946025138e-06,0.01316800042986864,0.00017543338472003137,1.572527019982226,36000.0,1.0085062073484319,1.084194387392303,0.0,7.072,4.4,,0
tsp,0.25,0.0,5,-43.668738555908206,0.07146043493845305,0.6897346496582045,0.06547346255404733,0.01010646596550938,2.694199245969313e-05,0.08007467389106744,0.0004611547501380223,1.5488020799821243,75000.0,0.817012414696862,1.084194387392303,0.0,9.888,6.4,,0
tsp,0.25,0.1,5,-43.77052001953125,0.042400954478736014,0.5879531860351562,0.017891176746681954,0.008478414267301521,7.700599816238911e-05,0.07237333804368969,0.0008619484399943746,1.5936257800087332,75000.0,0.8420124146968636,1.084194387392303,0.0,9.184,5.2,,0
tsp,0.25,0.2,5,-43.878091430664064,0.07507898643080048,0.48038177490234235,0.049033609716731465,0.00700396345928304,4.1409118886336535e-05,0.06473280042409893,0.0007614683702235903,1.575166180008091,75000.0,0.8670124146968614,1.084194387392303,0.0,8.672,6.4,,0
tsp,0.25,0.3,5,-43.94340896606446,0.07401528308433995,0.4150642395019489,0.03065648243389834,0.00566861862316722,2.398925178580803e-05,0.057356799393892245,0.0006778953747466773,1.5603023000294343,75000.0,0.8920124146968625,1.084194387392303,0.0,8.352,5.2,,0
tsp,0.25,0.4,5,-44.02731781005859,0.04723392346886581,0.3311553955078111,0.0205898511249508,0.00451051667332644,4.348421864676276e-05,0.0504479996860027,0.00029603617391160545,1.5748266800306738,75000.0,0.917012414696862,1.084194387392303,0.0,7.6,5.6,,0
tsp,0.25,0.6,5,-44.123575592041014,0.036483361259122736,0.23489761352539062,0.042368442518793924,0.00265878522768612,2.2033972644046725e-05,0.03796479851007458,0.000371146709213149,1.5904392400057987,75000.0,0.9670124146968613,1.084194387392303,0.0,7.023999999999999,4.4,,0
tsp,0.25,0.8,5,-44.19381103515625,0.021263577935769024,0.16466217041015624,0.03573636692971267,0.00149105296004558,1.5205802507282745e-05,0.027613867446780137,0.0003801214883652259,1.5885847400175408,75000.0,1.0170124146968624,1.084194387392303,0.0,6.4799999999999995,3.6,,0
tsp,0.5,0.0,5,-43.79020385742187,0.0662781474558943,0.5682693481445327,0.04525532652613305,0.04245603755116458,0.0001939919327596597,0.1644714772701263,0.0011236646173885929,1.632957959966734,150000.0,0.634024829393723,1.084194387392303,0.0,9.408,6.8,,0
tsp,0.5,0.1,5,-43.9018669128418,0.04173407003466426,0.4566062927246108,0.026931117349949855,0.03573499172925944,0.0001647722833110275,0.14850239753723143,0.0012251045878226804,1.6074658200377598,150000.0,0.6840248293937219,1.084194387392303,0.0,8.784,6.4,,0
tsp,0.5,0.2,5,-43.993787384033205,0.01950269090044294,0.3646858215332017,0.04397081252851002,0.029519019275903658,0.00023247268723277173,0.13289813101291653,0.0011095813291965044,1.613436200004071,150000.0,0.7340248293937233,1.084194387392303,0.0,8.016,5.6,,0
tsp,0.5,0.3,5,-44.06291732788086,0.03824723282334947,0.2955558776855483,0.06173425192862918,0.02388246841728682,0.00016474803137670008,0.11755947172641752,0.0010040375734009488,1.560061680036597,150000.0,0.7840248293937233,1.084194387392303,0.0,7.5680000000000005,4.0,,0
tsp,0.5,0.4,5,-44.123766326904295,0.0797738476887263,0.23470687866210654,0.038903811855451824,0.018845302611589378,0.0002090772839268098,0.10328213572502132,0.0009523479465378783,1.558832999994047,150000.0,0.8340248293937232,1.084194387392303,0.0,7.008,4.0,,0
tsp,0.5,0.6,5,-44.186936950683595,0.054154532728721234,0.17153625488281393,0.028398530690929097,0.01119528580456968,0.00013311011742785423,0.07728000432252881,0.0008062262933155025,1.5803200399968775,150000.0,0.9340248293937217,1.084194387392303,0.0,6.624,4.8,,0
tsp,0.5,0.8,5,-44.23297653198242,0.06527162910605405,0.12549667358398153,0.04654448616409332,0.00615011388435954,9.673108278196696e-05,0.05653760060667991,0.000527896787704088,1.5537739400053396,150000.0,1.0340248293937224,1.084194387392303,0.0,6.192,3.6,,0
tsp,0.75,0.0,5,-44.13254928588867,0.040694883353981234,0.22592391967773295,0.022074137329619423,0.10423412322998042,0.00028189557936207106,0.25712426304817193,0.001558605469769085,1.5942657599924133,225000.0,1.376291581088456,1.084194387392303,0.0,7.359999999999999,4.8,,0
tsp,0.75,0.1,5,-44.154379272460936,0.025688067521830147,0.20409393310546875,0.031302600137125755,0.0876601859927177,0.00017441830182865262,0.23113174438476558,0.0009336048211490149,1.6325345800025388,225000.0,1.3012915810884564,1.084194387392303,0.0,7.231999999999999,4.8,,0
tsp,0.75,0.2,5,-44.168443298339845,0.05490068965081293,0.19002990722656393,0.036715486429328564,0.0721497610211372,0.00021505116917642833,0.20666561722755433,0.0014126993260795131,1.5870642600115388,225000.0,1.2262915810884552,1.084194387392303,0.0,6.976000000000001,4.4,,0
tsp,0.75,0.3,5,-44.16158676147462,0.04400049576096874,0.19688644409179262,0.023064414834423987,0.0579993516206741,0.00016392175180121734,0.18244587779045102,0.001547065798058839,1.6384916000068188,225000.0,1.1512915810884556,1.084194387392303,0.0,7.087999999999999,4.0,,0
tsp,0.75,0.4,5,-44.194506072998045,0.03563902164035587,0.16396713256835938,0.04293063480517911,0.04564013406634326,0.0002373710536693747,0.15921920537948606,0.0012983407660596869,1.6123675599694252,225000.0,1.0762915810884557,1.084194387392303,0.0,6.720000000000001,4.4,,0
tsp,0.75,0.6,5,-44.22969055175781,0.02776542440002633,0.12878265380859374,0.039790901704323194,0.02661889679729934,0.00016700398405454335,0.11881173551082606,0.0006534501087690032,1.6616567200049759,225000.0,0.9262915810884567,1.084194387392303,0.0,6.4319999999999995,3.6,,0
tsp,0.75,0.8,5,-44.284342193603514,0.030186869038080637,0.07413101196289062,0.03590099747896821,0.01457501426339144,0.00010560965015014856,0.08574080616235727,0.0005075157109763404,1.5774811000097544,225000.0,1.0510372440905846,1.084194387392303,0.0,5.904,4.0,,0
tsp,1.0,0.0,5,-44.09182357788086,0.05949933947211038,0.26664962768554545,0.027811927106610745,0.4429872930049896,0.0016784495267054764,0.5722304105758667,0.000870049153320278,1.142631520004943,300000.0,2.1683887747846096,1.084194387392303,0.0,8.464,6.0,,0
tsp,1.0,0.1,5,-44.235357666015624,0.04990189740427793,0.12311553955078125,0.0045197200641423916,0.34832094311714173,0.002884470862924407,0.48591253757476804,0.002050034644881565,1.192036100034602,300000.0,2.068388774784607,1.084194387392303,0.0,7.151999999999999,5.2,,0
tsp,1.0,0.2,5,-44.33145370483398,0.059848174775822355,0.027019500732423297,0.016333865303928812,0.2259448230266571,0.0027105797741989917,0.36914560198783875,0.0025808256911937096,1.1575952999992296,300000.0,1.9683887747846076,1.084194387392303,0.0,6.16,4.0,,0
tsp,1.0,0.3,5,-44.34094772338867,0.04667568834022295,0.017525482177734374,0.014495182373354135,0.1386384010314941,0.000886706913727758,0.27882453203201296,0.001349250094947042,1.1496688599698246,300000.0,1.868388774784607,1.084194387392303,0.0,5.968,3.6,,0
tsp,1.0,0.4,5,-44.33370819091797,0.052363917483143334,0.0247650146484375,0.029952147987088805,0.0970027148723602,0.00046161672837959723,0.22959573864936828,0.0007496783395739026,1.1202331599779427,300000.0,1.7683887747846054,1.084194387392303,0.0,5.888,4.0,,0
tsp,1.0,0.6,5,-44.3046516418457,0.041142660468882424,0.05382156372070455,0.049702724780098434,0.05209150761365884,0.00021470819275905343,0.16371839940547941,0.0006270566892480895,1.107958839996718,300000.0,1.5683887747846068,1.084194387392303,0.0,6.0,3.6,,0
tsp,1.0,0.8,5,-44.31178207397461,0.043919347370689955,0.04669113159179261,0.03487312851674466,0.027585852891206703,0.00029717323445502383,0.11620053797960277,0.0009457960588939743,1.103431980032474,300000.0,1.3683887747846069,1.084194387392303,0.0,5.76,4.0,,0
