family,n,n_spins,p,instance_seed,q,xi,best_energy_mean,best_energy_std,O_mean,flip_fraction_mean,runtime_s,mean_update_opportunities,spectral_rho_D1_beta_max,lambda_min,lambda_max,spectral_radius_J,n_cities,tsp_feasible_rate,constraint_violation_mean,constraint_violation_std,constraint_violation_min,best_route_distance_mean,n_feasible_trajectories,tsp_A,tsp_B
tsp,10,100,,100,0.5,0.2,-44.1844482421875,0.13498911261558533,0.0294205229729414,0.13236801326274872,5.171024800045416,500000.0,0.7312958205295956,-1.084776947142241,0.13129582052959662,1.084776947142241,10,0.0,6.4,1.131370849898476,4.0,,0,4.0,1.0
tsp,10,100,,100,0.5,0.3,-44.19712829589844,0.14926008880138397,0.023879799991846085,0.1172351986169815,4.877977900090627,500000.0,0.7812958205295975,-1.084776947142241,0.13129582052959662,1.084776947142241,10,0.0,6.24,1.4221111067704943,4.0,,0,4.0,1.0
tsp,10,100,,100,0.5,0.4,-44.26035690307617,0.14366120100021362,0.018824003636837006,0.10317440330982208,4.770455099991523,500000.0,0.831295820529598,-1.084776947142241,0.13129582052959662,1.084776947142241,10,0.0,5.6,1.131370849898476,2.0,,0,4.0,1.0
tsp,10,100,,100,0.5,0.6,-44.27774429321289,0.11353416740894318,0.011167658492922783,0.07738719880580902,4.849273399915546,500000.0,0.9312958205295991,-1.084776947142241,0.13129582052959662,1.084776947142241,10,0.0,5.6,0.9797958971132712,4.0,,0,4.0,1.0
tsp,10,100,,100,0.5,0.8,-44.345401763916016,0.11503912508487701,0.006200154311954975,0.056243203580379486,4.730440399958752,500000.0,1.0312958205295961,-1.084776947142241,0.13129582052959662,1.084776947142241,10,0.0,5.2,1.131370849898476,4.0,,0,4.0,1.0
tsp,10,100,,100,0.5,1.0,-44.406463623046875,0.13515067100524902,0.0032281239982694387,0.03956000134348869,4.86492319998797,500000.0,1.1312958205295962,-1.084776947142241,0.13129582052959662,1.084776947142241,10,0.0,4.56,1.2026637102698325,2.0,,0,4.0,1.0
tsp,10,100,,100,0.5,1.2,-44.39346694946289,0.11401686817407608,0.0016410811804234982,0.027819199487566948,4.973914399975911,500000.0,1.2312958205296047,-1.084776947142241,0.13129582052959662,1.084776947142241,10,0.0,4.64,1.0910545357588683,2.0,,0,4.0,1.0
tsp,10,100,,100,0.75,0.2,-44.25328063964844,0.11547424644231796,0.07233690470457077,0.2056799978017807,5.036729000043124,750000.0,1.2271654207133635,-1.084776947142241,0.13129582052959662,1.084776947142241,10,0.0,5.92,1.0552724766618335,4.0,,0,4.0,1.0
tsp,10,100,,100,0.75,0.3,-44.24714660644531,0.06624004244804382,0.05818091705441475,0.18187041580677032,5.0524652999592945,750000.0,1.1521654207133631,-1.084776947142241,0.13129582052959662,1.084776947142241,10,0.0,6.08,0.6881860213634101,4.0,,0,4.0,1.0
tsp,10,100,,100,0.75,0.4,-44.26594161987305,0.10191677510738373,0.045636896044015884,0.15910080075263977,5.039910700055771,750000.0,1.0771654207133643,-1.084776947142241,0.13129582052959662,1.084776947142241,10,0.0,5.76,0.8616263691415207,4.0,,0,4.0,1.0
tsp,10,100,,100,0.75,0.6,-44.35456848144531,0.13990184664726257,0.026717964559793472,0.11849280446767807,5.047306300024502,750000.0,0.9271654207133637,-1.084776947142241,0.13129582052959662,1.084776947142241,10,0.0,5.12,1.2749901960407382,2.0,,0,4.0,1.0
tsp,10,100,,100,0.75,0.8,-44.37868118286133,0.11839114129543304,0.014553437940776348,0.08536960929632187,5.019823600072414,750000.0,1.0469437307943956,-1.084776947142241,0.13129582052959662,1.084776947142241,10,0.0,4.8,0.9797958971132712,4.0,,0,4.0,1.0
tsp,10,100,,100,0.75,1.0,-44.3823127746582,0.09776555001735687,0.0075353942811489105,0.06048640236258507,4.858149599982426,750000.0,1.1969437307943989,-1.084776947142241,0.13129582052959662,1.084776947142241,10,0.0,4.8,0.9797958971132712,4.0,,0,4.0,1.0
tsp,10,100,,100,0.75,1.2,-44.42207336425781,0.11581028997898102,0.0036801497917622328,0.042105600237846375,5.206319799995981,750000.0,1.3469437307943941,-1.084776947142241,0.13129582052959662,1.084776947142241,10,0.0,4.48,1.0244998779892558,2.0,,0,4.0,1.0
tsp,10,100,,100,1.0,0.2,-44.3682861328125,0.0854102298617363,0.22541183233261108,0.3692399859428406,3.5705749999033287,1000000.0,1.969553894284485,-1.084776947142241,0.13129582052959662,1.084776947142241,10,0.0,5.36,0.9329523031752481,4.0,,0,4.0,1.0
tsp,10,100,,100,1.0,0.3,-44.42048263549805,0.099662184715271,0.13938723504543304,0.2800160050392151,3.401430999976583,1000000.0,1.8695538942844823,-1.084776947142241,0.13129582052959662,1.084776947142241,10,0.0,4.8,0.9797958971132712,4.0,,0,4.0,1.0
tsp,10,100,,100,1.0,0.4,-44.37419509887695,0.08813710510730743,0.09732994437217712,0.22949601709842682,3.5805448999162763,1000000.0,1.7695538942844817,-1.084776947142241,0.13129582052959662,1.084776947142241,10,0.0,5.2,0.9797958971132712,4.0,,0,4.0,1.0
tsp,10,100,,100,1.0,0.6,-44.44587707519531,0.12912705540657043,0.052382491528987885,0.1644911915063858,3.6255438999505714,1000000.0,1.5695538942844849,-1.084776947142241,0.13129582052959662,1.084776947142241,10,0.0,4.32,1.2237646832622684,2.0,,0,4.0,1.0
tsp,10,100,,100,1.0,0.8,-44.37120056152344,0.10526431351900101,0.02777780592441559,0.11685759574174881,3.6143940000329167,1000000.0,1.3695538942844838,-1.084776947142241,0.13129582052959662,1.084776947142241,10,0.0,5.04,0.9991996797437438,4.0,,0,4.0,1.0
tsp,10,100,,100,1.0,1.0,-44.3949089050293,0.1045040488243103,0.014062314294278622,0.08160320669412613,3.8236643000273034,1000000.0,1.262591641059192,-1.084776947142241,0.13129582052959662,1.084776947142241,10,0.0,4.64,1.0910545357588683,2.0,,0,4.0,1.0
tsp,10,100,,100,1.0,1.2,-44.40542984008789,0.09807317703962326,0.006877231411635876,0.05623680353164673,3.7338138000341132,1000000.0,1.4625916410591926,-1.084776947142241,0.13129582052959662,1.084776947142241,10,0.0,4.56,0.897997772825746,4.0,,0,4.0,1.0
tsp,10,100,,101,0.5,0.2,-44.167701721191406,0.11261481046676636,0.02946009300649166,0.13201119005680084,5.267799900029786,500000.0,0.7302942766513231,-1.084532826359299,0.13029427665132065,1.084532826359299,10,0.0,6.56,1.061319932913728,4.0,,0,4.0,1.0
tsp,10,100,,101,0.5,0.3,-44.213623046875,0.13402995467185974,0.023854658007621765,0.11698880791664124,5.264238299918361,500000.0,0.780294276651324,-1.084532826359299,0.13029427665132065,1.084532826359299,10,0.0,6.24,1.3047605144240073,2.0,,0,4.0,1.0
tsp,10,100,,101,0.5,0.4,-44.25383758544922,0.1147504672408104,0.018916379660367966,0.10283679515123367,5.383855500025675,500000.0,0.8302942766513236,-1.084532826359299,0.13029427665132065,1.084532826359299,10,0.0,6.0,0.9797958971132712,4.0,,0,4.0,1.0
tsp,10,100,,101,0.5,0.6,-44.313232421875,0.09399217367172241,0.011220037937164307,0.07682560384273529,5.299720499897376,500000.0,0.9302942766513228,-1.084532826359299,0.13029427665132065,1.084532826359299,10,0.0,5.52,0.8541662601625049,4.0,,0,4.0,1.0
tsp,10,100,,101,0.5,0.8,-44.344993591308594,0.11062882095575333,0.006197894457727671,0.05570399761199951,5.270943500101566,500000.0,1.0302942766513266,-1.084532826359299,0.13029427665132065,1.084532826359299,10,0.0,5.12,0.9927738916792684,4.0,,0,4.0,1.0
tsp,10,100,,101,0.5,1.0,-44.371681213378906,0.11182575672864914,0.0032316683791577816,0.039819199591875076,5.263014100026339,500000.0,1.1302942766513253,-1.084532826359299,0.13029427665132065,1.084532826359299,10,0.0,4.96,0.9991996797437438,4.0,,0,4.0,1.0
tsp,10,100,,101,0.5,1.2,-44.411102294921875,0.131863072514534,0.0016188138397410512,0.027807997539639473,5.350346900057048,500000.0,1.2302942766513245,-1.084532826359299,0.13029427665132065,1.084532826359299,10,0.0,4.72,1.2496399481450648,2.0,,0,4.0,1.0
tsp,10,100,,101,0.75,0.2,-44.320343017578125,0.128090500831604,0.07223252207040787,0.2057536095380783,5.245361399953254,750000.0,1.226799239538948,-1.084532826359299,0.13029427665132065,1.084532826359299,10,0.0,5.52,1.2998461447417538,4.0,,0,4.0,1.0
tsp,10,100,,101,0.75,0.3,-44.32310104370117,0.09539609402418137,0.058128129690885544,0.18175679445266724,5.237999999895692,750000.0,1.1517992395389485,-1.084532826359299,0.13029427665132065,1.084532826359299,10,0.0,5.6,0.9797958971132712,4.0,,0,4.0,1.0
tsp,10,100,,101,0.75,0.4,-44.321529388427734,0.09753395617008209,0.04563983902335167,0.1589391976594925,5.462554599973373,750000.0,1.0767992395389494,-1.084532826359299,0.13029427665132065,1.084532826359299,10,0.0,5.6,0.7999999999999999,4.0,,0,4.0,1.0
tsp,10,100,,101,0.75,0.6,-44.353450775146484,0.10369700193405151,0.02672998048365116,0.11876320093870163,5.497739600017667,750000.0,0.9267992395389493,-1.084532826359299,0.13029427665132065,1.084532826359299,10,0.0,5.2,0.9797958971132712,4.0,,0,4.0,1.0
tsp,10,100,,101,0.75,0.8,-44.414058685302734,0.12210461497306824,0.014546981081366539,0.08538240194320679,5.927602100069635,750000.0,1.0454414149769806,-1.084532826359299,0.13029427665132065,1.084532826359299,10,0.0,4.72,1.1142710621747296,2.0,,0,4.0,1.0
tsp,10,100,,101,0.75,1.0,-44.421974182128906,0.11456220597028732,0.007472286932170391,0.060278404504060745,6.033845100086182,750000.0,1.1954414149769839,-1.084532826359299,0.13029427665132065,1.084532826359299,10,0.0,4.48,1.0244998779892558,2.0,,0,4.0,1.0
tsp,10,100,,101,0.75,1.2,-44.45118713378906,0.13738036155700684,0.00369822490029037,0.04185120016336441,5.407568700029515,750000.0,1.345441414976982,-1.084532826359299,0.13029427665132065,1.084532826359299,10,0.0,4.32,1.2237646832622686,2.0,,0,4.0,1.0
tsp,10,100,,101,1.0,0.2,-44.399253845214844,0.08901724964380264,0.22579441964626312,0.3683711588382721,3.819359000073746,1000000.0,1.9690656527185946,-1.084532826359299,0.13029427665132065,1.084532826359299,10,0.0,5.36,0.9329523031752481,4.0,,0,4.0,1.0
tsp,10,100,,101,1.0,0.3,-44.453636169433594,0.1194714829325676,0.13856422901153564,0.2793344259262085,3.522177599952556,1000000.0,1.8690656527185987,-1.084532826359299,0.13029427665132065,1.084532826359299,10,0.0,4.64,1.2289833196589772,2.0,,0,4.0,1.0
tsp,10,100,,101,1.0,0.4,-44.428199768066406,0.08714397251605988,0.0968400165438652,0.22962720692157745,3.4878668000455946,1000000.0,1.7690656527185955,-1.084532826359299,0.13029427665132065,1.084532826359299,10,0.0,4.88,0.9927738916792684,4.0,,0,4.0,1.0
tsp,10,100,,101,1.0,0.6,-44.41671371459961,0.09639640897512436,0.05218319222331047,0.16408959031105042,3.4006945999572054,1000000.0,1.569065652718598,-1.084532826359299,0.13029427665132065,1.084532826359299,10,0.0,4.88,0.9927738916792685,4.0,,0,4.0,1.0
tsp,10,100,,101,1.0,0.8,-44.42991638183594,0.11593825370073318,0.027470683678984642,0.11655519902706146,3.4655940999509767,1000000.0,1.3690656527185965,-1.084532826359299,0.13029427665132065,1.084532826359299,10,0.0,4.64,1.0910545357588683,2.0,,0,4.0,1.0
tsp,10,100,,101,1.0,1.0,-44.41505813598633,0.12754341959953308,0.01394680142402649,0.08166559785604477,3.3415568999480456,1000000.0,1.2605885533026489,-1.084532826359299,0.13029427665132065,1.084532826359299,10,0.0,4.72,1.2496399481450648,2.0,,0,4.0,1.0
tsp,10,100,,101,1.0,1.2,-44.41700744628906,0.1149338036775589,0.006852577906101942,0.056112002581357956,3.3148350999690592,1000000.0,1.4605885533026466,-1.084532826359299,0.13029427665132065,1.084532826359299,10,0.0,4.72,1.1142710621747296,2.0,,0,4.0,1.0
tsp,10,100,,102,0.5,0.2,-44.23892593383789,0.15467174351215363,0.029539326205849648,0.13236960768699646,5.10727510007564,500000.0,0.7344284223459573,-1.0840483088702406,0.1344284223459554,1.0840483088702406,10,0.0,6.48,1.4176036117335482,4.0,,0,4.0,1.0
tsp,10,100,,102,0.5,0.3,-44.257415771484375,0.14529834687709808,0.023849712684750557,0.11733920127153397,5.041212599957362,500000.0,0.7844284223459579,-1.0840483088702406,0.1344284223459554,1.0840483088702406,10,0.0,6.32,1.3481839637082176,4.0,,0,4.0,1.0
tsp,10,100,,102,0.5,0.4,-44.31105422973633,0.13817279040813446,0.018984638154506683,0.10324480384588242,4.907800699933432,500000.0,0.8344284223459589,-1.0840483088702406,0.1344284223459554,1.0840483088702406,10,0.0,5.84,1.1199999999999999,4.0,,0,4.0,1.0
tsp,10,100,,102,0.5,0.6,-44.3598747253418,0.10502591729164124,0.011265868321061134,0.07745280116796494,4.945794300059788,500000.0,0.9344284223459562,-1.0840483088702406,0.1344284223459554,1.0840483088702406,10,0.0,5.52,1.0244998779892558,2.0,,0,4.0,1.0
tsp,10,100,,102,0.5,0.8,-44.426517486572266,0.13800586760044098,0.006247152108699083,0.0564303994178772,4.880192800075747,500000.0,1.0344284223459554,-1.0840483088702406,0.1344284223459554,1.0840483088702406,10,0.0,4.8,1.2649110640673518,2.0,,0,4.0,1.0
tsp,10,100,,102,0.5,1.0,-44.41221237182617,0.10135694593191147,0.0032726989593356848,0.03957759961485863,5.027099999948405,500000.0,1.1344284223459546,-1.0840483088702406,0.1344284223459554,1.0840483088702406,10,0.0,4.96,0.9991996797437438,4.0,,0,4.0,1.0
tsp,10,100,,102,0.5,1.2,-44.4511833190918,0.11632321774959564,0.001665287185460329,0.02781600132584572,5.127335299970582,500000.0,1.234428422345956,-1.0840483088702406,0.1344284223459554,1.0840483088702406,10,0.0,4.72,1.1142710621747296,2.0,,0,4.0,1.0
tsp,10,100,,102,0.75,0.2,-44.34343719482422,0.11466629803180695,0.07211761921644211,0.206025630235672,5.282969999941997,750000.0,1.226072463305362,-1.0840483088702406,0.1344284223459554,1.0840483088702406,10,0.0,5.84,1.1199999999999999,4.0,,0,4.0,1.0
tsp,10,100,,102,0.75,0.3,-44.37529754638672,0.1653304249048233,0.05795770883560181,0.18197281658649445,5.027920300024562,750000.0,1.1510724633053635,-1.0840483088702406,0.1344284223459554,1.0840483088702406,10,0.0,5.28,1.3717142559585798,2.0,,0,4.0,1.0
tsp,10,100,,102,0.75,0.4,-44.3537483215332,0.08986707031726837,0.045717816799879074,0.1595328003168106,5.051911800052039,750000.0,1.0760724633053638,-1.0840483088702406,0.1344284223459554,1.0840483088702406,10,0.0,5.52,0.8541662601625049,4.0,,0,4.0,1.0
tsp,10,100,,102,0.75,0.6,-44.3844108581543,0.10205312073230743,0.02665303647518158,0.1183152049779892,4.955039200023748,750000.0,0.9260724633053622,-1.0840483088702406,0.1344284223459554,1.0840483088702406,10,0.0,5.36,0.9329523031752481,4.0,,0,4.0,1.0
tsp,10,100,,102,0.75,0.8,-44.41160202026367,0.09627247601747513,0.014579899609088898,0.08550720661878586,4.974263500072993,750000.0,1.0516426335189395,-1.0840483088702406,0.1344284223459554,1.0840483088702406,10,0.0,5.04,0.9991996797437438,4.0,,0,4.0,1.0
tsp,10,100,,102,0.75,1.0,-44.46337890625,0.0909748375415802,0.007567347958683968,0.06016959995031357,4.829526399960741,750000.0,1.201642633518939,-1.0840483088702406,0.1344284223459554,1.0840483088702406,10,0.0,4.64,0.9329523031752481,4.0,,0,4.0,1.0
tsp,10,100,,102,0.75,1.2,-44.44545364379883,0.09724045544862747,0.003747561713680625,0.04148000106215477,4.986198900034651,750000.0,1.3516426335189358,-1.0840483088702406,0.1344284223459554,1.0840483088702406,10,0.0,4.72,1.1142710621747296,2.0,,0,4.0,1.0
tsp,10,100,,102,1.0,0.2,-44.43308639526367,0.08111973106861115,0.22348932921886444,0.367622435092926,4.056693900027312,1000000.0,1.9680966177404817,-1.0840483088702406,0.1344284223459554,1.0840483088702406,10,0.0,5.44,0.897997772825746,4.0,,0,4.0,1.0
tsp,10,100,,102,1.0,0.3,-44.44807052612305,0.10705874115228653,0.1393747329711914,0.2805487811565399,3.814599599922076,1000000.0,1.8680966177404834,-1.0840483088702406,0.1344284223459554,1.0840483088702406,10,0.0,5.28,1.1142710621747296,2.0,,0,4.0,1.0
tsp,10,100,,102,1.0,0.4,-44.447654724121094,0.08924619853496552,0.09695761650800705,0.2297344207763672,3.5061394999502227,1000000.0,1.768096617740479,-1.0840483088702406,0.1344284223459554,1.0840483088702406,10,0.0,5.12,0.9927738916792685,4.0,,0,4.0,1.0
tsp,10,100,,102,1.0,0.6,-44.432594299316406,0.12494245916604996,0.05212612450122833,0.16468320786952972,3.4770947999786586,1000000.0,1.568096617740484,-1.0840483088702406,0.1344284223459554,1.0840483088702406,10,0.0,5.2,1.2649110640673518,2.0,,0,4.0,1.0
tsp,10,100,,102,1.0,0.8,-44.461769104003906,0.0937042087316513,0.027402427047491074,0.11655839532613754,3.3189415000379086,1000000.0,1.3680966177404843,-1.0840483088702406,0.1344284223459554,1.0840483088702406,10,0.0,4.72,0.9600000000000001,4.0,,0,4.0,1.0
tsp,10,100,,102,1.0,1.0,-44.466209411621094,0.08988282829523087,0.013901838101446629,0.08162560313940048,3.3582680999534205,1000000.0,1.2688568446919168,-1.0840483088702406,0.1344284223459554,1.0840483088702406,10,0.0,4.56,0.8979977728257459,4.0,,0,4.0,1.0
tsp,10,100,,102,1.0,1.2,-44.434139251708984,0.10040665417909622,0.0068029663525521755,0.05629280209541321,3.7641701999818906,1000000.0,1.4688568446919146,-1.0840483088702406,0.1344284223459554,1.0840483088702406,10,0.0,4.96,0.9991996797437438,4.0,,0,4.0,1.0
tsp,10,100,,103,0.5,0.2,-44.20492172241211,0.11041086912155151,0.029520640149712563,0.13172799348831177,5.761449899990112,500000.0,0.7365643301340362,-1.0835350487684436,0.13656433013403282,1.0835350487684436,10,0.0,6.88,0.9927738916792684,6.0,,0,4.0,1.0
tsp,10,100,,103,0.5,0.3,-44.2598991394043,0.09570367634296417,0.023879140615463257,0.11686880886554718,5.713943399954587,500000.0,0.786564330134033,-1.0835350487684436,0.13656433013403282,1.0835350487684436,10,0.0,6.56,0.8979977728257459,6.0,,0,4.0,1.0
tsp,10,100,,103,0.5,0.4,-44.34501647949219,0.12310098856687546,0.018959637731313705,0.1024399995803833,5.485602599917911,500000.0,0.8365643301340341,-1.0835350487684436,0.13656433013403282,1.0835350487684436,10,0.0,5.68,1.085172797300043,2.0,,0,4.0,1.0
tsp,10,100,,103,0.5,0.6,-44.326019287109375,0.09123752266168594,0.011273696087300777,0.07707040011882782,4.939986699959263,500000.0,0.9365643301340312,-1.0835350487684436,0.13656433013403282,1.0835350487684436,10,0.0,6.0,0.8,4.0,,0,4.0,1.0
tsp,10,100,,103,0.5,0.8,-44.4306640625,0.09711918234825134,0.006254536099731922,0.05613279715180397,4.926335999974981,500000.0,1.0365643301340304,-1.0835350487684436,0.13656433013403282,1.0835350487684436,10,0.0,5.04,0.9991996797437438,4.0,,0,4.0,1.0
tsp,10,100,,103,0.5,1.0,-44.466278076171875,0.12345518916845322,0.003255472518503666,0.039876800030469894,4.918009300017729,500000.0,1.1365643301340376,-1.0835350487684436,0.13656433013403282,1.0835350487684436,10,0.0,4.64,1.2289833196589772,2.0,,0,4.0,1.0
tsp,10,100,,103,0.5,1.2,-44.4635009765625,0.09549865126609802,0.0016392425168305635,0.027982400730252266,5.048584799980745,500000.0,1.2365643301340394,-1.0835350487684436,0.13656433013403282,1.0835350487684436,10,0.0,4.8,0.9797958971132712,4.0,,0,4.0,1.0
tsp,10,100,,103,0.75,0.2,-44.36592102050781,0.11502300202846527,0.07188739627599716,0.2064031958580017,5.038116299896501,750000.0,1.225302573152666,-1.0835350487684436,0.13656433013403282,1.0835350487684436,10,0.0,5.76,1.0307278981380101,4.0,,0,4.0,1.0
tsp,10,100,,103,0.75,0.3,-44.3855094909668,0.10835198312997818,0.0578719861805439,0.1806432008743286,5.097671200055629,750000.0,1.150302573152662,-1.0835350487684436,0.13656433013403282,1.0835350487684436,10,0.0,5.68,1.085172797300043,4.0,,0,4.0,1.0
tsp,10,100,,103,0.75,0.4,-44.38856887817383,0.1048012226819992,0.04557446390390396,0.1584160029888153,5.006951699964702,750000.0,1.0753025731526655,-1.0835350487684436,0.13656433013403282,1.0835350487684436,10,0.0,5.52,0.8541662601625049,4.0,,0,4.0,1.0
tsp,10,100,,103,0.75,0.6,-44.447715759277344,0.10448278486728668,0.026777856051921844,0.11809919774532318,5.043252300005406,750000.0,0.9253025731526678,-1.0835350487684436,0.13656433013403282,1.0835350487684436,10,0.0,5.12,0.9927738916792684,4.0,,0,4.0,1.0
tsp,10,100,,103,0.75,0.8,-44.433467864990234,0.09319324046373367,0.014589617028832436,0.08577759563922882,5.365322900004685,750000.0,1.0548464952010528,-1.0835350487684436,0.13656433013403282,1.0835350487684436,10,0.0,5.04,0.9991996797437438,4.0,,0,4.0,1.0
tsp,10,100,,103,0.75,1.0,-44.49030303955078,0.08789658546447754,0.0075410595163702965,0.060043204575777054,4.94686579995323,750000.0,1.2048464952010551,-1.0835350487684436,0.13656433013403282,1.0835350487684436,10,0.0,4.64,0.9329523031752481,4.0,,0,4.0,1.0
tsp,10,100,,103,0.75,1.2,-44.456092834472656,0.10974936187267303,0.003748540533706546,0.041889600455760956,5.080801200005226,750000.0,1.3548464952010526,-1.0835350487684436,0.13656433013403282,1.0835350487684436,10,0.0,5.04,1.148216007552586,2.0,,0,4.0,1.0
tsp,10,100,,103,1.0,0.2,-44.5051383972168,0.0882422924041748,0.22415366768836975,0.36755359172821045,3.735451400047168,1000000.0,1.9670700975368909,-1.0835350487684436,0.13656433013403282,1.0835350487684436,10,0.0,5.12,0.9927738916792684,4.0,,0,4.0,1.0
tsp,10,100,,103,1.0,0.3,-44.509552001953125,0.10178152471780777,0.13844554126262665,0.2797759771347046,3.5087103000842035,1000000.0,1.8670700975368884,-1.0835350487684436,0.13656433013403282,1.0835350487684436,10,0.0,5.04,1.148216007552586,2.0,,0,4.0,1.0
tsp,10,100,,103,1.0,0.4,-44.5263671875,0.1294081062078476,0.09683943539857864,0.2299824208021164,3.5510506000136957,1000000.0,1.7670700975368887,-1.0835350487684436,0.13656433013403282,1.0835350487684436,10,0.04,4.64,1.352922762023021,0.0,5.469466476566143,1,4.0,1.0
tsp,10,100,,103,1.0,0.6,-44.49787139892578,0.10942749679088593,0.051850125193595886,0.1635119915008545,3.4477835999568924,1000000.0,1.5670700975368843,-1.0835350487684436,0.13656433013403282,1.0835350487684436,10,0.0,4.72,1.1142710621747296,2.0,,0,4.0,1.0
tsp,10,100,,103,1.0,0.8,-44.501155853271484,0.11398345232009888,0.027429454028606415,0.1170928031206131,3.4484775000019,1000000.0,1.3670700975368848,-1.0835350487684436,0.13656433013403282,1.0835350487684436,10,0.0,4.64,1.2289833196589772,2.0,,0,4.0,1.0
tsp,10,100,,103,1.0,1.0,-44.46757507324219,0.1073455661535263,0.013857600279152393,0.08205439150333405,3.362589900032617,1000000.0,1.2731286602680671,-1.0835350487684436,0.13656433013403282,1.0835350487684436,10,0.0,4.96,1.148216007552586,2.0,,0,4.0,1.0
tsp,10,100,,103,1.0,1.2,-44.5283203125,0.12166639417409897,0.006773356813937426,0.05637120082974434,3.4360610999865457,1000000.0,1.4731286602680724,-1.0835350487684436,0.13656433013403282,1.0835350487684436,10,0.0,4.32,1.085172797300043,2.0,,0,4.0,1.0
tsp,10,100,,104,0.5,0.2,-44.203941345214844,0.16390568017959595,0.02950315922498703,0.1321152001619339,4.9574687000131235,500000.0,0.737541297307704,-1.0840788058212907,0.137541297307701,1.0840788058212907,10,0.0,6.64,1.4664242223858688,4.0,,0,4.0,1.0
tsp,10,100,,104,0.5,0.3,-44.21571731567383,0.14493903517723083,0.023882756009697914,0.11714079976081848,5.01708330004476,500000.0,0.7875412973077041,-1.0840788058212907,0.137541297307701,1.0840788058212907,10,0.0,6.4,1.4966629547095767,4.0,,0,4.0,1.0
tsp,10,100,,104,0.5,0.4,-44.27729797363281,0.1051870584487915,0.018933545798063278,0.10313120484352112,5.501365400035866,500000.0,0.837541297307702,-1.0840788058212907,0.137541297307701,1.0840788058212907,10,0.0,6.08,1.0552724766618335,4.0,,0,4.0,1.0
tsp,10,100,,104,0.5,0.6,-44.37428283691406,0.10022882372140884,0.011192960664629936,0.0773904025554657,5.595206000027247,500000.0,0.9375412973076986,-1.0840788058212907,0.137541297307701,1.0840788058212907,10,0.0,5.12,0.9927738916792684,4.0,,0,4.0,1.0
tsp,10,100,,104,0.5,0.8,-44.348079681396484,0.10722576081752777,0.006177075207233429,0.05623039975762367,5.669467399944551,500000.0,1.0375412973077034,-1.0840788058212907,0.137541297307701,1.0840788058212907,10,0.0,5.36,1.0910545357588683,4.0,,0,4.0,1.0
tsp,10,100,,104,0.5,1.0,-44.460018157958984,0.12238210439682007,0.00325657962821424,0.03997280076146126,5.711229600012302,500000.0,1.137541297307704,-1.0840788058212907,0.137541297307701,1.0840788058212907,10,0.0,4.4,1.131370849898476,2.0,,0,4.0,1.0
tsp,10,100,,104,0.5,1.2,-44.43217468261719,0.11220411956310272,0.001627820311114192,0.027795199304819107,5.237251400016248,500000.0,1.237541297307701,-1.0840788058212907,0.137541297307701,1.0840788058212907,10,0.0,4.56,1.061319932913728,2.0,,0,4.0,1.0
tsp,10,100,,104,0.75,0.2,-44.318695068359375,0.11572056263685226,0.07214617729187012,0.2065456211566925,5.227388700004667,750000.0,1.2261182087319362,-1.0840788058212907,0.137541297307701,1.0840788058212907,10,0.0,6.0,1.131370849898476,4.0,,0,4.0,1.0
tsp,10,100,,104,0.75,0.3,-44.30196762084961,0.09092690050601959,0.05811738222837448,0.18243038654327393,5.046611599973403,750000.0,1.151118208731941,-1.0840788058212907,0.137541297307701,1.0840788058212907,10,0.0,5.92,0.8908422980528036,4.0,,0,4.0,1.0
tsp,10,100,,104,0.75,0.4,-44.31255340576172,0.0953877791762352,0.04563868045806885,0.15938399732112885,5.090280400007032,750000.0,1.0761182087319354,-1.0840788058212907,0.137541297307701,1.0840788058212907,10,0.0,5.84,0.7838367176906169,4.0,,0,4.0,1.0
tsp,10,100,,104,0.75,0.6,-44.385379791259766,0.09470464289188385,0.02672722563147545,0.11884000152349472,4.997061400092207,750000.0,0.92611820873194,-1.0840788058212907,0.137541297307701,1.0840788058212907,10,0.0,5.12,0.9927738916792685,4.0,,0,4.0,1.0
tsp,10,100,,104,0.75,0.8,-44.405662536621094,0.13409002125263214,0.014528914354741573,0.08562560379505157,4.993041799985804,750000.0,1.0563119459615549,-1.0840788058212907,0.137541297307701,1.0840788058212907,10,0.0,5.04,1.28,2.0,,0,4.0,1.0
tsp,10,100,,104,0.75,1.0,-44.440879821777344,0.09140903502702713,0.007545602507889271,0.06088479980826378,4.895220399950631,750000.0,1.2063119459615523,-1.0840788058212907,0.137541297307701,1.0840788058212907,10,0.0,4.64,0.9329523031752481,4.0,,0,4.0,1.0
tsp,10,100,,104,0.75,1.2,-44.414913177490234,0.10885298997163773,0.0037738727405667305,0.04212480038404465,5.0848404000280425,750000.0,1.3563119459615518,-1.0840788058212907,0.137541297307701,1.0840788058212907,10,0.0,4.96,0.9991996797437438,4.0,,0,4.0,1.0
tsp,10,100,,104,1.0,0.2,-44.42597198486328,0.08303278684616089,0.22508767247200012,0.3685423731803894,3.5467672999948263,1000000.0,1.9681576116425856,-1.0840788058212907,0.137541297307701,1.0840788058212907,10,0.0,5.36,0.9329523031752481,4.0,,0,4.0,1.0
tsp,10,100,,104,1.0,0.3,-44.4556884765625,0.10534702241420746,0.13894444704055786,0.27967360615730286,3.6278163000242785,1000000.0,1.8681576116425833,-1.0840788058212907,0.137541297307701,1.0840788058212907,10,0.0,4.88,1.142628548566856,2.0,,0,4.0,1.0
tsp,10,100,,104,1.0,0.4,-44.415409088134766,0.10641295462846756,0.09709502756595612,0.2297135889530182,3.8964792999904603,1000000.0,1.7681576116425815,-1.0840788058212907,0.137541297307701,1.0840788058212907,10,0.0,5.36,1.0910545357588686,2.0,,0,4.0,1.0
tsp,10,100,,104,1.0,0.6,-44.43755340576172,0.10148616135120392,0.0521525964140892,0.16439038515090942,3.479865000001155,1000000.0,1.568157611642583,-1.0840788058212907,0.137541297307701,1.0840788058212907,10,0.0,4.96,0.9991996797437438,4.0,,0,4.0,1.0
tsp,10,100,,104,1.0,0.8,-44.45378875732422,0.12399151176214218,0.027646763250231743,0.11728961020708084,3.4500719000352547,1000000.0,1.3681576116425846,-1.0840788058212907,0.137541297307701,1.0840788058212907,10,0.0,4.72,1.1142710621747296,2.0,,0,4.0,1.0
tsp,10,100,,104,1.0,1.0,-44.47469711303711,0.08221375197172165,0.014013372361660004,0.08204640448093414,3.3927857000380754,1000000.0,1.2750825946154039,-1.0840788058212907,0.137541297307701,1.0840788058212907,10,0.0,4.4,0.7999999999999999,4.0,,0,4.0,1.0
tsp,10,100,,104,1.0,1.2,-44.47793960571289,0.12065818160772324,0.00688914442434907,0.05681439861655235,3.314778200001456,1000000.0,1.475082594615408,-1.0840788058212907,0.137541297307701,1.0840788058212907,10,0.0,4.24,1.1757550765359255,2.0,,0,4.0,1.0
